{"v":"5.9.0","fr":60,"ip":0,"op":271,"w":1000,"h":1000,"nm":"Comp 1","ddd":0,"assets":[],"layers":[{"ddd":0,"ind":1,"ty":4,"nm":"Sword","parent":6,"sr":1,"ks":{"o":{"a":0,"k":100,"ix":11},"r":{"a":0,"k":0,"ix":10},"p":{"a":0,"k":[0,271.213,0],"ix":2,"l":2},"a":{"a":0,"k":[504.126,647.778,0],"ix":1,"l":2},"s":{"a":0,"k":[100,100,100],"ix":6,"l":2}},"ao":0,"shapes":[{"ty":"gr","it":[{"ind":0,"ty":"sh","ix":1,"ks":{"a":0,"k":{"i":[[1.839,0],[0,0],[0,1.839],[0,0],[-1.839,0],[0,0],[0,-1.839],[0,0]],"o":[[0,0],[-1.839,0],[0,0],[0,-1.839],[0,0],[1.839,0],[0,0],[0,1.839]],"v":[[34.08,3.33],[-34.08,3.33],[-37.41,0],[-37.41,0],[-34.08,-3.33],[34.08,-3.33],[37.41,0],[37.41,0]],"c":true},"ix":2},"nm":"Path 1","mn":"ADBE Vector Shape - Group","hd":false},{"ty":"fl","c":{"a":0,"k":[0.639215707779,0.207843139768,0.203921571374,1],"ix":4},"o":{"a":0,"k":100,"ix":5},"r":1,"bm":0,"nm":"Fill 1","mn":"ADBE Vector Graphic - Fill","hd":false},{"ty":"tr","p":{"a":0,"k":[504.126,423.891],"ix":2},"a":{"a":0,"k":[0,0],"ix":1},"s":{"a":0,"k":[100,100],"ix":3},"r":{"a":0,"k":0,"ix":6},"o":{"a":0,"k":100,"ix":7},"sk":{"a":0,"k":0,"ix":4},"sa":{"a":0,"k":0,"ix":5},"nm":"Transform"}],"nm":"Group 1","np":2,"cix":2,"bm":0,"ix":1,"mn":"ADBE Vector Group","hd":false},{"ty":"gr","it":[{"ind":0,"ty":"sh","ix":1,"ks":{"a":0,"k":{"i":[[0,0],[0,0],[0,0],[0,0]],"o":[[0,0],[0,0],[0,0],[0,0]],"v":[[0.863,-225.55],[-9.88,-225.55],[-9.88,225.55],[9.88,157.635]],"c":true},"ix":2},"nm":"Path 1","mn":"ADBE Vector Shape - Group","hd":false},{"ty":"fl","c":{"a":0,"k":[0.752941191196,0.843137264252,0.831372559071,1],"ix":4},"o":{"a":0,"k":100,"ix":5},"r":1,"bm":0,"nm":"Fill 1","mn":"ADBE Vector Graphic - Fill","hd":false},{"ty":"tr","p":{"a":0,"k":[514.006,649.446],"ix":2},"a":{"a":0,"k":[0,0],"ix":1},"s":{"a":0,"k":[100,100],"ix":3},"r":{"a":0,"k":0,"ix":6},"o":{"a":0,"k":100,"ix":7},"sk":{"a":0,"k":0,"ix":4},"sa":{"a":0,"k":0,"ix":5},"nm":"Transform"}],"nm":"Group 2","np":2,"cix":2,"bm":0,"ix":2,"mn":"ADBE Vector Group","hd":false},{"ty":"gr","it":[{"ind":0,"ty":"sh","ix":1,"ks":{"a":0,"k":{"i":[[0,0],[0,0],[0,0],[0,0],[0,0]],"o":[[0,0],[0,0],[0,0],[0,0],[0,0]],"v":[[-10.743,-225.55],[-19.76,157.635],[0,225.55],[19.76,157.635],[10.743,-225.55]],"c":true},"ix":2},"nm":"Path 1","mn":"ADBE Vector Shape - Group","hd":false},{"ty":"fl","c":{"a":0,"k":[0.858823537827,0.933333337307,0.929411768913,1],"ix":4},"o":{"a":0,"k":100,"ix":5},"r":1,"bm":0,"nm":"Fill 1","mn":"ADBE Vector Graphic - Fill","hd":false},{"ty":"tr","p":{"a":0,"k":[504.126,649.446],"ix":2},"a":{"a":0,"k":[0,0],"ix":1},"s":{"a":0,"k":[100,100],"ix":3},"r":{"a":0,"k":0,"ix":6},"o":{"a":0,"k":100,"ix":7},"sk":{"a":0,"k":0,"ix":4},"sa":{"a":0,"k":0,"ix":5},"nm":"Transform"}],"nm":"Group 3","np":2,"cix":2,"bm":0,"ix":3,"mn":"ADBE Vector Group","hd":false},{"ty":"gr","it":[{"ind":0,"ty":"sh","ix":1,"ks":{"a":0,"k":{"i":[[1.902,0.965],[0,0],[0,0],[0,0],[0,-2.278],[-3.229,0],[0,3.229]],"o":[[0,0],[0,0],[0,0],[-1.902,0.965],[0,3.229],[3.229,0],[0,-2.278]],"v":[[2.628,2.899],[2.628,-13.941],[-2.628,-13.941],[-2.628,2.899],[-5.846,8.094],[0,13.941],[5.846,8.094]],"c":true},"ix":2},"nm":"Path 1","mn":"ADBE Vector Shape - Group","hd":false},{"ty":"fl","c":{"a":0,"k":[0.639215707779,0.207843139768,0.203921571374,1],"ix":4},"o":{"a":0,"k":100,"ix":5},"r":1,"bm":0,"nm":"Fill 1","mn":"ADBE Vector Graphic - Fill","hd":false},{"ty":"tr","p":{"a":0,"k":[534.88,437.832],"ix":2},"a":{"a":0,"k":[0,0],"ix":1},"s":{"a":0,"k":[100,100],"ix":3},"r":{"a":0,"k":0,"ix":6},"o":{"a":0,"k":100,"ix":7},"sk":{"a":0,"k":0,"ix":4},"sa":{"a":0,"k":0,"ix":5},"nm":"Transform"}],"nm":"Group 4","np":2,"cix":2,"bm":0,"ix":4,"mn":"ADBE Vector Group","hd":false},{"ty":"gr","it":[{"ind":0,"ty":"sh","ix":1,"ks":{"a":0,"k":{"i":[[1.902,0.965],[0,0],[0,0],[0,0],[0,-2.278],[-3.229,0],[0,3.229]],"o":[[0,0],[0,0],[0,0],[-1.902,0.965],[0,3.229],[3.229,0],[0,-2.278]],"v":[[2.628,2.899],[2.628,-13.941],[-2.628,-13.941],[-2.628,2.899],[-5.846,8.094],[0,13.941],[5.846,8.094]],"c":true},"ix":2},"nm":"Path 1","mn":"ADBE Vector Shape - Group","hd":false},{"ty":"fl","c":{"a":0,"k":[0.639215707779,0.207843139768,0.203921571374,1],"ix":4},"o":{"a":0,"k":100,"ix":5},"r":1,"bm":0,"nm":"Fill 1","mn":"ADBE Vector Graphic - Fill","hd":false},{"ty":"tr","p":{"a":0,"k":[473.441,437.832],"ix":2},"a":{"a":0,"k":[0,0],"ix":1},"s":{"a":0,"k":[100,100],"ix":3},"r":{"a":0,"k":0,"ix":6},"o":{"a":0,"k":100,"ix":7},"sk":{"a":0,"k":0,"ix":4},"sa":{"a":0,"k":0,"ix":5},"nm":"Transform"}],"nm":"Group 5","np":2,"cix":2,"bm":0,"ix":5,"mn":"ADBE Vector Group","hd":false}],"ip":0,"op":360,"st":0,"bm":0},{"ddd":0,"ind":2,"ty":4,"nm":"left hand","parent":6,"sr":1,"ks":{"o":{"a":0,"k":100,"ix":11},"r":{"a":1,"k":[{"i":{"x":[0.294],"y":[1]},"o":{"x":[0.333],"y":[0]},"t":30,"s":[0]},{"i":{"x":[0.667],"y":[1]},"o":{"x":[0.167],"y":[0]},"t":90,"s":[-34]},{"i":{"x":[0.285],"y":[1]},"o":{"x":[0.333],"y":[0]},"t":150,"s":[-34]},{"t":210,"s":[0]}],"ix":10},"p":{"a":0,"k":[1.444,-2.107,0],"ix":2,"l":2},"a":{"a":0,"k":[0,0,0],"ix":1,"l":2},"s":{"a":0,"k":[100,100,100],"ix":6,"l":2}},"ao":0,"shapes":[{"ty":"gr","it":[{"ind":0,"ty":"sh","ix":1,"ks":{"a":0,"k":{"i":[[-1.733,0.922],[-5.564,-0.192],[-3.069,-1.151],[0,-0.576],[2.494,1.151],[0,0],[1.343,-1.727],[1.919,-2.11],[2.686,-5.18],[2.302,0],[-1.151,7.866]],"o":[[22.046,-11.734],[5.564,0.192],[3.07,1.151],[0,0.576],[-2.494,-1.151],[0,0],[-1.343,1.727],[-1.918,2.11],[-2.686,5.18],[-2.302,0],[1.151,-7.866]],"v":[[-28.303,-9.589],[3.16,-24.553],[20.043,-21.483],[32.13,-7.478],[26.95,-4.984],[21.77,-6.711],[19.659,-0.955],[17.933,5.567],[16.782,17.654],[-26.192,24.56],[-31.948,4.608]],"c":true},"ix":2},"nm":"Path 1","mn":"ADBE Vector Shape - Group","hd":false},{"ty":"fl","c":{"a":0,"k":[0.909803926945,0.57647061348,0.419607847929,1],"ix":4},"o":{"a":0,"k":100,"ix":5},"r":1,"bm":0,"nm":"Fill 1","mn":"ADBE Vector Graphic - Fill","hd":false},{"ty":"tr","p":{"a":0,"k":[0,0],"ix":2},"a":{"a":0,"k":[0,0],"ix":1},"s":{"a":0,"k":[100,100],"ix":3},"r":{"a":0,"k":0,"ix":6},"o":{"a":0,"k":100,"ix":7},"sk":{"a":0,"k":0,"ix":4},"sa":{"a":0,"k":0,"ix":5},"nm":"Transform"}],"nm":"Group 1","np":2,"cix":2,"bm":0,"ix":1,"mn":"ADBE Vector Group","hd":false}],"ip":0,"op":360,"st":0,"bm":0},{"ddd":0,"ind":3,"ty":4,"nm":"left lower arm","parent":2,"sr":1,"ks":{"o":{"a":0,"k":100,"ix":11},"r":{"a":0,"k":0,"ix":10},"p":{"a":0,"k":[-82.802,-2.721,0],"ix":2,"l":2},"a":{"a":0,"k":[0,0,0],"ix":1,"l":2},"s":{"a":0,"k":[100,100,100],"ix":6,"l":2}},"ao":0,"shapes":[{"ty":"gr","it":[{"ind":0,"ty":"sh","ix":1,"ks":{"a":0,"k":{"i":[[4.58,0.875],[19.569,4.604],[-1.727,-18.805],[-6.043,-2.302],[-5.468,0]],"o":[[-51.096,-9.76],[-19.569,-4.604],[1.727,18.805],[6.043,2.302],[5.468,0]],"v":[[54.5,-6.867],[-27.708,-28.834],[-60.226,2.721],[-45.262,27.282],[57.761,29.584]],"c":true},"ix":2},"nm":"Path 1","mn":"ADBE Vector Shape - Group","hd":false},{"ty":"fl","c":{"a":0,"k":[0.858823537827,0.933333337307,0.929411768913,1],"ix":4},"o":{"a":0,"k":100,"ix":5},"r":1,"bm":0,"nm":"Fill 1","mn":"ADBE Vector Graphic - Fill","hd":false},{"ty":"tr","p":{"a":0,"k":[0,0],"ix":2},"a":{"a":0,"k":[0,0],"ix":1},"s":{"a":0,"k":[100,100],"ix":3},"r":{"a":0,"k":0,"ix":6},"o":{"a":0,"k":100,"ix":7},"sk":{"a":0,"k":0,"ix":4},"sa":{"a":0,"k":0,"ix":5},"nm":"Transform"}],"nm":"Group 1","np":2,"cix":2,"bm":0,"ix":1,"mn":"ADBE Vector Group","hd":false}],"ip":0,"op":360,"st":0,"bm":0},{"ddd":0,"ind":4,"ty":4,"nm":"right hand","parent":6,"sr":1,"ks":{"o":{"a":0,"k":100,"ix":11},"r":{"a":1,"k":[{"i":{"x":[0.294],"y":[1]},"o":{"x":[0.333],"y":[0]},"t":30,"s":[0]},{"i":{"x":[0.667],"y":[1]},"o":{"x":[0.167],"y":[0]},"t":90,"s":[38]},{"i":{"x":[0.285],"y":[1]},"o":{"x":[0.333],"y":[0]},"t":150,"s":[38]},{"t":210,"s":[0]}],"ix":10},"p":{"a":0,"k":[5.776,13.731,0],"ix":2,"l":2},"a":{"a":0,"k":[0,0,0],"ix":1,"l":2},"s":{"a":0,"k":[100,100,100],"ix":6,"l":2}},"ao":0,"shapes":[{"ty":"gr","it":[{"ind":0,"ty":"sh","ix":1,"ks":{"a":0,"k":{"i":[[0,0],[5.636,0],[-1.234,4.988],[-5.372,-5.478]],"o":[[-18.226,5.18],[-5.636,0],[1.234,-4.988],[5.372,5.478]],"v":[[26.838,7.764],[-18.175,16.013],[-26.771,2.392],[22.809,-14.981]],"c":true},"ix":2},"nm":"Path 1","mn":"ADBE Vector Shape - Group","hd":false},{"ty":"fl","c":{"a":0,"k":[0.86274510622,0.517647087574,0.384313732386,1],"ix":4},"o":{"a":0,"k":100,"ix":5},"r":1,"bm":0,"nm":"Fill 1","mn":"ADBE Vector Graphic - Fill","hd":false},{"ty":"tr","p":{"a":0,"k":[0,0],"ix":2},"a":{"a":0,"k":[0,0],"ix":1},"s":{"a":0,"k":[100,100],"ix":3},"r":{"a":0,"k":0,"ix":6},"o":{"a":0,"k":100,"ix":7},"sk":{"a":0,"k":0,"ix":4},"sa":{"a":0,"k":0,"ix":5},"nm":"Transform"}],"nm":"Group 1","np":2,"cix":2,"bm":0,"ix":1,"mn":"ADBE Vector Group","hd":false}],"ip":0,"op":360,"st":0,"bm":0},{"ddd":0,"ind":5,"ty":4,"nm":"right arm lower","parent":4,"sr":1,"ks":{"o":{"a":0,"k":100,"ix":11},"r":{"a":0,"k":0,"ix":10},"p":{"a":0,"k":[75.497,-17.066,0],"ix":2,"l":2},"a":{"a":0,"k":[0,0,0],"ix":1,"l":2},"s":{"a":0,"k":[100,100,100],"ix":6,"l":2}},"ao":0,"shapes":[{"ty":"gr","it":[{"ind":0,"ty":"sh","ix":1,"ks":{"a":0,"k":{"i":[[-9.691,2.878],[-23.981,4.221],[-3.453,-12.854],[10.168,-7.482],[5.18,0.384],[1.87,7.098]],"o":[[30.441,-9.039],[23.981,-4.221],[3.453,12.854],[-10.168,7.482],[-5.18,-0.384],[-1.87,-7.098]],"v":[[-52.496,-6.825],[20.599,-27.545],[61.846,-14.307],[50.335,15.429],[-43.862,29.051],[-62.328,14.086]],"c":true},"ix":2},"nm":"Path 1","mn":"ADBE Vector Shape - Group","hd":false},{"ty":"fl","c":{"a":0,"k":[0.858823537827,0.933333337307,0.929411768913,1],"ix":4},"o":{"a":0,"k":100,"ix":5},"r":1,"bm":0,"nm":"Fill 1","mn":"ADBE Vector Graphic - Fill","hd":false},{"ty":"tr","p":{"a":0,"k":[0,0],"ix":2},"a":{"a":0,"k":[0,0],"ix":1},"s":{"a":0,"k":[100,100],"ix":3},"r":{"a":0,"k":0,"ix":6},"o":{"a":0,"k":100,"ix":7},"sk":{"a":0,"k":0,"ix":4},"sa":{"a":0,"k":0,"ix":5},"nm":"Transform"}],"nm":"Group 1","np":2,"cix":2,"bm":0,"ix":1,"mn":"ADBE Vector Group","hd":false}],"ip":0,"op":360,"st":0,"bm":0},{"ddd":0,"ind":6,"ty":4,"nm":"Sword handel","sr":1,"ks":{"o":{"a":0,"k":100,"ix":11},"r":{"a":0,"k":0,"ix":10},"p":{"a":1,"k":[{"i":{"x":0.294,"y":1},"o":{"x":0.333,"y":0},"t":30,"s":[504.126,376.566,0],"to":[0,-14.667,0],"ti":[0,14.667,0]},{"i":{"x":0.667,"y":0.667},"o":{"x":0.167,"y":0.167},"t":90,"s":[504.126,288.566,0],"to":[0,0,0],"ti":[0,0,0]},{"i":{"x":0.285,"y":1},"o":{"x":0.333,"y":0},"t":150,"s":[504.126,288.566,0],"to":[0,14.667,0],"ti":[0,-14.667,0]},{"t":210,"s":[504.126,376.566,0]}],"ix":2,"l":2},"a":{"a":0,"k":[0,0,0],"ix":1,"l":2},"s":{"a":0,"k":[100,100,100],"ix":6,"l":2}},"ao":0,"shapes":[{"ty":"gr","it":[{"ind":0,"ty":"sh","ix":1,"ks":{"a":0,"k":{"i":[[0,0.46],[6.847,0],[0,-8.503],[-0.037,-0.481],[0,0],[-0.695,-3.454],[0,3.022],[0,1.46],[0.029,0.032]],"o":[[0,-8.503],[-6.847,0],[0,0.493],[0,0],[0,0],[0.695,3.453],[0,-3.022],[0,-0.036],[0.032,-0.449]],"v":[[12.398,-31.936],[0,-47.331],[-12.398,-31.936],[-12.339,-30.475],[-12.34,-30.475],[-8.343,44.9],[8.343,44.9],[12.398,-30.475],[12.343,-30.575]],"c":true},"ix":2},"nm":"Path 1","mn":"ADBE Vector Shape - Group","hd":false},{"ty":"fl","c":{"a":0,"k":[0.639215707779,0.207843139768,0.203921571374,1],"ix":4},"o":{"a":0,"k":100,"ix":5},"r":1,"bm":0,"nm":"Fill 1","mn":"ADBE Vector Graphic - Fill","hd":false},{"ty":"tr","p":{"a":0,"k":[0,0],"ix":2},"a":{"a":0,"k":[0,0],"ix":1},"s":{"a":0,"k":[100,100],"ix":3},"r":{"a":0,"k":0,"ix":6},"o":{"a":0,"k":100,"ix":7},"sk":{"a":0,"k":0,"ix":4},"sa":{"a":0,"k":0,"ix":5},"nm":"Transform"}],"nm":"Group 1","np":2,"cix":2,"bm":0,"ix":1,"mn":"ADBE Vector Group","hd":false}],"ip":0,"op":360,"st":0,"bm":0},{"ddd":0,"ind":7,"ty":4,"nm":"Face","sr":1,"ks":{"o":{"a":0,"k":100,"ix":11},"r":{"a":0,"k":0,"ix":10},"p":{"a":0,"k":[506.209,140.503,0],"ix":2,"l":2},"a":{"a":0,"k":[506.209,140.503,0],"ix":1,"l":2},"s":{"a":0,"k":[100,100,100],"ix":6,"l":2}},"ao":0,"shapes":[{"ty":"gr","it":[{"ind":0,"ty":"sh","ix":1,"ks":{"a":0,"k":{"i":[[0.312,0],[0,0.312],[0,0],[0,0],[-0.316,-0.059],[0.054,-0.306],[0,0],[0,0]],"o":[[-0.312,0],[0,0],[0,0],[0.054,-0.307],[0.306,0.054],[0,0],[0,0],[0,0.312]],"v":[[-4.604,42.652],[-5.168,42.088],[-5.168,10.576],[4.049,-42.183],[4.702,-42.642],[5.16,-41.989],[-4.049,10.674],[-4.04,42.088]],"c":true},"ix":2},"nm":"Path 1","mn":"ADBE Vector Shape - Group","hd":false},{"ty":"fl","c":{"a":0,"k":[0.439215689898,0.572549045086,0.556862771511,1],"ix":4},"o":{"a":0,"k":100,"ix":5},"r":1,"bm":0,"nm":"Fill 1","mn":"ADBE Vector Graphic - Fill","hd":false},{"ty":"tr","p":{"a":0,"k":[511.992,121.965],"ix":2},"a":{"a":0,"k":[0,0],"ix":1},"s":{"a":0,"k":[100,100],"ix":3},"r":{"a":0,"k":0,"ix":6},"o":{"a":0,"k":100,"ix":7},"sk":{"a":0,"k":0,"ix":4},"sa":{"a":0,"k":0,"ix":5},"nm":"Transform"}],"nm":"Group 1","np":2,"cix":2,"bm":0,"ix":1,"mn":"ADBE Vector Group","hd":false},{"ty":"gr","it":[{"ind":0,"ty":"sh","ix":1,"ks":{"a":0,"k":{"i":[[0,-0.719],[0,0],[-1.028,0.206],[0,0],[0,0.791],[0,0],[1.073,-0.348],[0,0]],"o":[[0,0],[0,1.048],[0,0],[0.776,-0.156],[0,0],[0,-1.128],[0,0],[-0.684,0.222]],"v":[[-16.835,3.524],[-16.835,6.334],[-14.847,7.961],[15.501,1.866],[16.835,0.238],[16.835,-6.333],[14.661,-7.912],[-15.687,1.945]],"c":true},"ix":2},"nm":"Path 1","mn":"ADBE Vector Shape - Group","hd":false},{"ty":"fl","c":{"a":0,"k":[0.101960785687,0.101960785687,0.101960785687,1],"ix":4},"o":{"a":0,"k":100,"ix":5},"r":1,"bm":0,"nm":"Fill 1","mn":"ADBE Vector Graphic - Fill","hd":false},{"ty":"tr","p":{"a":0,"k":[525.853,143.893],"ix":2},"a":{"a":0,"k":[0,0],"ix":1},"s":{"a":0,"k":[100,100],"ix":3},"r":{"a":0,"k":0,"ix":6},"o":{"a":0,"k":100,"ix":7},"sk":{"a":0,"k":0,"ix":4},"sa":{"a":0,"k":0,"ix":5},"nm":"Transform"}],"nm":"Group 2","np":2,"cix":2,"bm":0,"ix":2,"mn":"ADBE Vector Group","hd":false},{"ty":"gr","it":[{"ind":0,"ty":"sh","ix":1,"ks":{"a":0,"k":{"i":[[0,-0.719],[0,0],[1.028,0.206],[0,0],[0,0.791],[0,0],[-1.073,-0.348],[0,0]],"o":[[0,0],[0,1.048],[0,0],[-0.776,-0.156],[0,0],[0,-1.128],[0,0],[0.684,0.222]],"v":[[16.835,3.524],[16.835,6.334],[14.847,7.961],[-15.501,1.866],[-16.835,0.238],[-16.835,-6.333],[-14.661,-7.912],[15.687,1.945]],"c":true},"ix":2},"nm":"Path 1","mn":"ADBE Vector Shape - Group","hd":false},{"ty":"fl","c":{"a":0,"k":[0.101960785687,0.101960785687,0.101960785687,1],"ix":4},"o":{"a":0,"k":100,"ix":5},"r":1,"bm":0,"nm":"Fill 1","mn":"ADBE Vector Graphic - Fill","hd":false},{"ty":"tr","p":{"a":0,"k":[487.148,143.893],"ix":2},"a":{"a":0,"k":[0,0],"ix":1},"s":{"a":0,"k":[100,100],"ix":3},"r":{"a":0,"k":0,"ix":6},"o":{"a":0,"k":100,"ix":7},"sk":{"a":0,"k":0,"ix":4},"sa":{"a":0,"k":0,"ix":5},"nm":"Transform"}],"nm":"Group 3","np":2,"cix":2,"bm":0,"ix":3,"mn":"ADBE Vector Group","hd":false},{"ty":"gr","it":[{"ind":0,"ty":"sh","ix":1,"ks":{"a":0,"k":{"i":[[0,0],[-0.192,3.371],[-0.959,0],[-0.192,-2.206]],"o":[[0,0],[0.192,-3.371],[0.959,0],[0.192,2.206]],"v":[[-0.287,32.039],[-8.921,-20.61],[0,-32.039],[8.921,-20.624]],"c":true},"ix":2},"nm":"Path 1","mn":"ADBE Vector Shape - Group","hd":false},{"ty":"fl","c":{"a":0,"k":[0.858823537827,0.933333337307,0.929411768913,1],"ix":4},"o":{"a":0,"k":100,"ix":5},"r":1,"bm":0,"nm":"Fill 1","mn":"ADBE Vector Graphic - Fill","hd":false},{"ty":"tr","p":{"a":0,"k":[507.675,100.503],"ix":2},"a":{"a":0,"k":[0,0],"ix":1},"s":{"a":0,"k":[100,100],"ix":3},"r":{"a":0,"k":0,"ix":6},"o":{"a":0,"k":100,"ix":7},"sk":{"a":0,"k":0,"ix":4},"sa":{"a":0,"k":0,"ix":5},"nm":"Transform"}],"nm":"Group 4","np":2,"cix":2,"bm":0,"ix":4,"mn":"ADBE Vector Group","hd":false},{"ty":"gr","it":[{"ind":0,"ty":"sh","ix":1,"ks":{"a":0,"k":{"i":[[0,0],[0,0],[-0.212,0.416],[-0.413,-0.21],[0,0],[0,0],[-0.21,-0.416],[0.416,-0.21]],"o":[[0,0],[-0.415,-0.213],[0.213,-0.416],[0,0],[0,0],[0.416,-0.207],[0.209,0.418],[0,0]],"v":[[-0.318,13.269],[-49.047,-11.671],[-49.414,-12.81],[-48.276,-13.177],[-0.313,11.372],[48.282,-13.059],[49.417,-12.683],[49.042,-11.548]],"c":true},"ix":2},"nm":"Path 1","mn":"ADBE Vector Shape - Group","hd":false},{"ty":"fl","c":{"a":0,"k":[0.439215689898,0.572549045086,0.556862771511,1],"ix":4},"o":{"a":0,"k":100,"ix":5},"r":1,"bm":0,"nm":"Fill 1","mn":"ADBE Vector Graphic - Fill","hd":false},{"ty":"tr","p":{"a":0,"k":[506.524,186.74],"ix":2},"a":{"a":0,"k":[0,0],"ix":1},"s":{"a":0,"k":[100,100],"ix":3},"r":{"a":0,"k":0,"ix":6},"o":{"a":0,"k":100,"ix":7},"sk":{"a":0,"k":0,"ix":4},"sa":{"a":0,"k":0,"ix":5},"nm":"Transform"}],"nm":"Group 5","np":2,"cix":2,"bm":0,"ix":5,"mn":"ADBE Vector Group","hd":false},{"ty":"gr","it":[{"ind":0,"ty":"sh","ix":1,"ks":{"a":0,"k":{"i":[[0,0],[0,0],[-0.212,0.416],[-0.413,-0.209],[0,0],[0,0],[-0.212,-0.416],[0.416,-0.21]],"o":[[0,0],[-0.415,-0.213],[0.213,-0.416],[0,0],[0,0],[0.416,-0.207],[0.209,0.418],[0,0]],"v":[[-0.033,14.038],[-51.771,-12.441],[-52.138,-13.579],[-50.999,-13.946],[-0.028,12.141],[51.005,-13.514],[52.14,-13.138],[51.765,-12.003]],"c":true},"ix":2},"nm":"Path 1","mn":"ADBE Vector Shape - Group","hd":false},{"ty":"fl","c":{"a":0,"k":[0.439215689898,0.572549045086,0.556862771511,1],"ix":4},"o":{"a":0,"k":100,"ix":5},"r":1,"bm":0,"nm":"Fill 1","mn":"ADBE Vector Graphic - Fill","hd":false},{"ty":"tr","p":{"a":0,"k":[506.239,170.1],"ix":2},"a":{"a":0,"k":[0,0],"ix":1},"s":{"a":0,"k":[100,100],"ix":3},"r":{"a":0,"k":0,"ix":6},"o":{"a":0,"k":100,"ix":7},"sk":{"a":0,"k":0,"ix":4},"sa":{"a":0,"k":0,"ix":5},"nm":"Transform"}],"nm":"Group 6","np":2,"cix":2,"bm":0,"ix":6,"mn":"ADBE Vector Group","hd":false},{"ty":"gr","it":[{"ind":0,"ty":"sh","ix":1,"ks":{"a":0,"k":{"i":[[0.157,0],[0.162,0.251],[-0.392,0.254],[-14.282,-10.826],[0.283,-0.371],[0.37,0.283],[19.079,-12.305]],"o":[[-0.278,0],[-0.252,-0.393],[19.512,-12.579],[0.373,0.281],[-0.281,0.371],[-13.935,-10.562],[-0.142,0.091]],"v":[[-41.366,5.164],[-42.078,4.777],[-41.826,3.607],[41.878,3.645],[42.04,4.829],[40.857,4.991],[-40.909,5.029]],"c":true},"ix":2},"nm":"Path 1","mn":"ADBE Vector Shape - Group","hd":false},{"ty":"fl","c":{"a":0,"k":[0.439215689898,0.572549045086,0.556862771511,1],"ix":4},"o":{"a":0,"k":100,"ix":5},"r":1,"bm":0,"nm":"Fill 1","mn":"ADBE Vector Graphic - Fill","hd":false},{"ty":"tr","p":{"a":0,"k":[505.493,103.474],"ix":2},"a":{"a":0,"k":[0,0],"ix":1},"s":{"a":0,"k":[100,100],"ix":3},"r":{"a":0,"k":0,"ix":6},"o":{"a":0,"k":100,"ix":7},"sk":{"a":0,"k":0,"ix":4},"sa":{"a":0,"k":0,"ix":5},"nm":"Transform"}],"nm":"Group 7","np":2,"cix":2,"bm":0,"ix":7,"mn":"ADBE Vector Group","hd":false},{"ty":"gr","it":[{"ind":0,"ty":"sh","ix":1,"ks":{"a":0,"k":{"i":[[2.938,0],[0.007,0.001],[8.277,4.242],[-0.212,0.416],[-0.413,-0.209],[-2.263,-0.28],[-18.32,10.051],[-0.223,-0.409],[0.411,-0.225]],"o":[[-0.007,0],[-2.735,-0.099],[-0.415,-0.213],[0.215,-0.416],[19.563,10.028],[2.305,-0.229],[0.413,-0.226],[0.225,0.409],[-7.781,4.27]],"v":[[1.437,13.556],[1.417,13.555],[-51.025,-11.958],[-51.392,-13.096],[-50.254,-13.463],[1.497,11.867],[50.233,-13.451],[51.38,-13.116],[51.045,-11.969]],"c":true},"ix":2},"nm":"Path 1","mn":"ADBE Vector Shape - Group","hd":false},{"ty":"fl","c":{"a":0,"k":[0.439215689898,0.572549045086,0.556862771511,1],"ix":4},"o":{"a":0,"k":100,"ix":5},"r":1,"bm":0,"nm":"Fill 1","mn":"ADBE Vector Graphic - Fill","hd":false},{"ty":"tr","p":{"a":0,"k":[505.94,152.254],"ix":2},"a":{"a":0,"k":[0,0],"ix":1},"s":{"a":0,"k":[100,100],"ix":3},"r":{"a":0,"k":0,"ix":6},"o":{"a":0,"k":100,"ix":7},"sk":{"a":0,"k":0,"ix":4},"sa":{"a":0,"k":0,"ix":5},"nm":"Transform"}],"nm":"Group 8","np":2,"cix":2,"bm":0,"ix":8,"mn":"ADBE Vector Group","hd":false},{"ty":"gr","it":[{"ind":0,"ty":"sh","ix":1,"ks":{"a":0,"k":{"i":[[0,0],[-0.154,-0.995],[-0.757,-1.43],[-6.124,-2.312],[0,0],[0,0],[0,0]],"o":[[-1.007,0],[1.32,8.56],[0.817,1.544],[0,0],[0,0],[0,0],[0,0]],"v":[[-25.703,-36.133],[-27.327,-34.244],[-19.848,10.541],[26.233,36.133],[27.347,-11.234],[-22.453,-36.133],[-23.987,-36.133]],"c":true},"ix":2},"nm":"Path 1","mn":"ADBE Vector Shape - Group","hd":false},{"ty":"fl","c":{"a":0,"k":[0.858823537827,0.933333337307,0.929411768913,1],"ix":4},"o":{"a":0,"k":100,"ix":5},"r":1,"bm":0,"nm":"Fill 1","mn":"ADBE Vector Graphic - Fill","hd":false},{"ty":"tr","p":{"a":0,"k":[480.041,176.197],"ix":2},"a":{"a":0,"k":[0,0],"ix":1},"s":{"a":0,"k":[100,100],"ix":3},"r":{"a":0,"k":0,"ix":6},"o":{"a":0,"k":100,"ix":7},"sk":{"a":0,"k":0,"ix":4},"sa":{"a":0,"k":0,"ix":5},"nm":"Transform"}],"nm":"Group 9","np":2,"cix":2,"bm":0,"ix":9,"mn":"ADBE Vector Group","hd":false},{"ty":"gr","it":[{"ind":0,"ty":"sh","ix":1,"ks":{"a":0,"k":{"i":[[0,0],[0,0],[-0.154,-0.995],[-0.757,-1.43],[-2.302,0],[-0.719,0.144],[-1.107,8.331],[0.993,0]],"o":[[0,0],[-1.007,0],[1.32,8.56],[0.863,1.631],[2.302,0],[0.63,-0.126],[0.131,-0.984],[0,0]],"v":[[-50.154,-36.239],[-51.871,-36.239],[-53.495,-34.35],[-46.016,10.435],[0.795,36.239],[47.271,7.606],[53.5,-34.382],[51.871,-36.239]],"c":true},"ix":2},"nm":"Path 1","mn":"ADBE Vector Shape - Group","hd":false},{"ty":"fl","c":{"a":0,"k":[0.752941191196,0.843137264252,0.831372559071,1],"ix":4},"o":{"a":0,"k":100,"ix":5},"r":1,"bm":0,"nm":"Fill 1","mn":"ADBE Vector Graphic - Fill","hd":false},{"ty":"tr","p":{"a":0,"k":[506.209,176.303],"ix":2},"a":{"a":0,"k":[0,0],"ix":1},"s":{"a":0,"k":[100,100],"ix":3},"r":{"a":0,"k":0,"ix":6},"o":{"a":0,"k":100,"ix":7},"sk":{"a":0,"k":0,"ix":4},"sa":{"a":0,"k":0,"ix":5},"nm":"Transform"}],"nm":"Group 10","np":2,"cix":2,"bm":0,"ix":10,"mn":"ADBE Vector Group","hd":false},{"ty":"gr","it":[{"ind":0,"ty":"sh","ix":1,"ks":{"a":0,"k":{"i":[[-1.203,1.295],[-0.767,1.151],[-2.11,-1.151],[-0.767,-3.261],[-0.384,-2.494],[1.535,-0.192],[1.151,0.576]],"o":[[20.329,-21.878],[0.767,-1.151],[2.11,1.151],[0.767,3.262],[0.384,2.494],[-1.535,0.192],[-1.151,-0.576]],"v":[[-50.32,-17.89],[-29.025,-41.68],[26.228,-41.68],[50.592,-16.931],[50.592,19.904],[1.671,42.542],[-49.361,18.561]],"c":true},"ix":2},"nm":"Path 1","mn":"ADBE Vector Shape - Group","hd":false},{"ty":"fl","c":{"a":0,"k":[0.752941191196,0.843137264252,0.831372559071,1],"ix":4},"o":{"a":0,"k":100,"ix":5},"r":1,"bm":0,"nm":"Fill 1","mn":"ADBE Vector Graphic - Fill","hd":false},{"ty":"tr","p":{"a":0,"k":[505.717,122.422],"ix":2},"a":{"a":0,"k":[0,0],"ix":1},"s":{"a":0,"k":[100,100],"ix":3},"r":{"a":0,"k":0,"ix":6},"o":{"a":0,"k":100,"ix":7},"sk":{"a":0,"k":0,"ix":4},"sa":{"a":0,"k":0,"ix":5},"nm":"Transform"}],"nm":"Group 11","np":2,"cix":2,"bm":0,"ix":11,"mn":"ADBE Vector Group","hd":false}],"ip":0,"op":360,"st":0,"bm":0},{"ddd":0,"ind":8,"ty":4,"nm":"Neck","sr":1,"ks":{"o":{"a":0,"k":100,"ix":11},"r":{"a":0,"k":0,"ix":10},"p":{"a":0,"k":[506.524,215.42,0],"ix":2,"l":2},"a":{"a":0,"k":[0,0,0],"ix":1,"l":2},"s":{"a":0,"k":[100,100,100],"ix":6,"l":2}},"ao":0,"shapes":[{"ty":"gr","it":[{"ind":0,"ty":"sh","ix":1,"ks":{"a":0,"k":{"i":[[0,0],[0,0],[0,0],[0,0],[0,0]],"o":[[0,0],[0,0],[0,0],[0,0],[0,0]],"v":[[44.03,-33.19],[-44.03,-33.19],[-44.03,4.221],[0.864,33.19],[44.03,5.947]],"c":true},"ix":2},"nm":"Path 1","mn":"ADBE Vector Shape - Group","hd":false},{"ty":"fl","c":{"a":0,"k":[0.101960785687,0.101960785687,0.101960785687,1],"ix":4},"o":{"a":0,"k":100,"ix":5},"r":1,"bm":0,"nm":"Fill 1","mn":"ADBE Vector Graphic - Fill","hd":false},{"ty":"tr","p":{"a":0,"k":[0,0],"ix":2},"a":{"a":0,"k":[0,0],"ix":1},"s":{"a":0,"k":[100,100],"ix":3},"r":{"a":0,"k":0,"ix":6},"o":{"a":0,"k":100,"ix":7},"sk":{"a":0,"k":0,"ix":4},"sa":{"a":0,"k":0,"ix":5},"nm":"Transform"}],"nm":"Group 1","np":2,"cix":2,"bm":0,"ix":1,"mn":"ADBE Vector Group","hd":false}],"ip":0,"op":360,"st":0,"bm":0},{"ddd":0,"ind":9,"ty":4,"nm":"Right Shoulder","sr":1,"ks":{"o":{"a":0,"k":100,"ix":11},"r":{"a":0,"k":0,"ix":10},"p":{"a":0,"k":[571.559,232.934,0],"ix":2,"l":2},"a":{"a":0,"k":[571.559,232.934,0],"ix":1,"l":2},"s":{"a":0,"k":[100,100,100],"ix":6,"l":2}},"ao":0,"shapes":[{"ty":"gr","it":[{"ind":0,"ty":"sh","ix":1,"ks":{"a":0,"k":{"i":[[0,0],[0,0],[12.206,12.212],[-0.441,0.441],[-0.441,-0.441],[-2.068,-5.027],[-13.364,0.191],[-0.006,0],[-0.009,-0.616],[0.622,-0.009],[0.245,-0.094]],"o":[[0,0],[-0.101,-0.257],[-0.439,-0.439],[0.438,-0.438],[11.27,11.275],[4.907,-1.831],[0.006,0],[0.615,0],[0.009,0.622],[-14.52,0.207],[0,0]],"v":[[-9.04,20.551],[-9.451,19.509],[-31.978,-18.628],[-31.977,-20.222],[-30.383,-20.22],[-7.771,17.651],[31.165,8.218],[31.181,8.218],[32.308,9.329],[31.197,10.472],[-7.996,20.147]],"c":true},"ix":2},"nm":"Path 1","mn":"ADBE Vector Shape - Group","hd":false},{"ty":"fl","c":{"a":0,"k":[0.439215689898,0.572549045086,0.556862771511,1],"ix":4},"o":{"a":0,"k":100,"ix":5},"r":1,"bm":0,"nm":"Fill 1","mn":"ADBE Vector Graphic - Fill","hd":false},{"ty":"tr","p":{"a":0,"k":[557.033,260.594],"ix":2},"a":{"a":0,"k":[0,0],"ix":1},"s":{"a":0,"k":[100,100],"ix":3},"r":{"a":0,"k":0,"ix":6},"o":{"a":0,"k":100,"ix":7},"sk":{"a":0,"k":0,"ix":4},"sa":{"a":0,"k":0,"ix":5},"nm":"Transform"}],"nm":"Group 1","np":2,"cix":2,"bm":0,"ix":1,"mn":"ADBE Vector Group","hd":false},{"ty":"gr","it":[{"ind":0,"ty":"sh","ix":1,"ks":{"a":0,"k":{"i":[[0.187,0],[0.167,0.207],[-0.364,0.293],[0,0],[-0.293,-0.364],[0.364,-0.293],[0,0]],"o":[[-0.247,0],[-0.295,-0.363],[0,0],[0.361,-0.292],[0.294,0.363],[0,0],[-0.155,0.126]],"v":[[-16.497,14.179],[-17.155,13.864],[-17.028,12.676],[15.967,-13.991],[17.155,-13.865],[17.028,-12.677],[-15.967,13.99]],"c":true},"ix":2},"nm":"Path 1","mn":"ADBE Vector Shape - Group","hd":false},{"ty":"fl","c":{"a":0,"k":[0.439215689898,0.572549045086,0.556862771511,1],"ix":4},"o":{"a":0,"k":100,"ix":5},"r":1,"bm":0,"nm":"Fill 1","mn":"ADBE Vector Graphic - Fill","hd":false},{"ty":"tr","p":{"a":0,"k":[548.633,215.324],"ix":2},"a":{"a":0,"k":[0,0],"ix":1},"s":{"a":0,"k":[100,100],"ix":3},"r":{"a":0,"k":0,"ix":6},"o":{"a":0,"k":100,"ix":7},"sk":{"a":0,"k":0,"ix":4},"sa":{"a":0,"k":0,"ix":5},"nm":"Transform"}],"nm":"Group 2","np":2,"cix":2,"bm":0,"ix":2,"mn":"ADBE Vector Group","hd":false},{"ty":"gr","it":[{"ind":0,"ty":"sh","ix":1,"ks":{"a":0,"k":{"i":[[0,0],[0,0],[-13.046,-36.451],[-31.271,-2.494],[0,0],[20.912,5.372],[0,0]],"o":[[0,0],[0,0],[0,0],[0,0],[0,0],[-20.911,-5.372],[0,0]],"v":[[-7.58,-47.483],[-56.69,-0.096],[-22.928,47.483],[34.243,37.698],[56.69,-9.88],[22.349,-25.995],[-6.429,-30.216]],"c":true},"ix":2},"nm":"Path 1","mn":"ADBE Vector Shape - Group","hd":false},{"ty":"fl","c":{"a":0,"k":[0.858823537827,0.933333337307,0.929411768913,1],"ix":4},"o":{"a":0,"k":100,"ix":5},"r":1,"bm":0,"nm":"Fill 1","mn":"ADBE Vector Graphic - Fill","hd":false},{"ty":"tr","p":{"a":0,"k":[571.559,232.207],"ix":2},"a":{"a":0,"k":[0,0],"ix":1},"s":{"a":0,"k":[100,100],"ix":3},"r":{"a":0,"k":0,"ix":6},"o":{"a":0,"k":100,"ix":7},"sk":{"a":0,"k":0,"ix":4},"sa":{"a":0,"k":0,"ix":5},"nm":"Transform"}],"nm":"Group 3","np":2,"cix":2,"bm":0,"ix":3,"mn":"ADBE Vector Group","hd":false}],"ip":0,"op":360,"st":0,"bm":0},{"ddd":0,"ind":10,"ty":4,"nm":"Left Shoulder","sr":1,"ks":{"o":{"a":0,"k":100,"ix":11},"r":{"a":0,"k":0,"ix":10},"p":{"a":0,"k":[442.061,233.015,0],"ix":2,"l":2},"a":{"a":0,"k":[442.061,233.015,0],"ix":1,"l":2},"s":{"a":0,"k":[100,100,100],"ix":6,"l":2}},"ao":0,"shapes":[{"ty":"gr","it":[{"ind":0,"ty":"sh","ix":1,"ks":{"a":0,"k":{"i":[[0,0],[0,0],[20.059,0.305],[-0.01,0.622],[-0.641,-0.009],[-4.01,-2.083],[-9.342,8.959],[-0.432,-0.45],[0.45,-0.431],[0.117,-0.284]],"o":[[0,0],[-0.157,-0.09],[-0.622,-0.01],[0.009,-0.622],[17.801,0.271],[2.353,-5.526],[0.448,-0.428],[0.431,0.45],[-10.069,9.655],[0,0]],"v":[[7.754,20.631],[6.64,19.993],[-29.376,10.671],[-30.486,9.527],[-29.342,8.417],[6.644,17.433],[28.578,-20.318],[30.173,-20.285],[30.139,-18.691],[8.243,19.446]],"c":true},"ix":2},"nm":"Path 1","mn":"ADBE Vector Shape - Group","hd":false},{"ty":"fl","c":{"a":0,"k":[0.439215689898,0.572549045086,0.556862771511,1],"ix":4},"o":{"a":0,"k":100,"ix":5},"r":1,"bm":0,"nm":"Fill 1","mn":"ADBE Vector Graphic - Fill","hd":false},{"ty":"tr","p":{"a":0,"k":[457.788,260.675],"ix":2},"a":{"a":0,"k":[0,0],"ix":1},"s":{"a":0,"k":[100,100],"ix":3},"r":{"a":0,"k":0,"ix":6},"o":{"a":0,"k":100,"ix":7},"sk":{"a":0,"k":0,"ix":4},"sa":{"a":0,"k":0,"ix":5},"nm":"Transform"}],"nm":"Group 1","np":2,"cix":2,"bm":0,"ix":1,"mn":"ADBE Vector Group","hd":false},{"ty":"gr","it":[{"ind":0,"ty":"sh","ix":1,"ks":{"a":0,"k":{"i":[[0.236,0],[0.16,0.139],[0,0],[-0.306,0.352],[-0.351,-0.306],[0,0],[0.306,-0.352]],"o":[[-0.197,0],[0,0],[-0.352,-0.306],[0.306,-0.355],[0,0],[0.352,0.306],[-0.167,0.193]],"v":[[13.717,12.74],[13.163,12.533],[-14.271,-11.255],[-14.355,-12.448],[-13.163,-12.532],[14.271,11.256],[14.355,12.448]],"c":true},"ix":2},"nm":"Path 1","mn":"ADBE Vector Shape - Group","hd":false},{"ty":"fl","c":{"a":0,"k":[0.439215689898,0.572549045086,0.556862771511,1],"ix":4},"o":{"a":0,"k":100,"ix":5},"r":1,"bm":0,"nm":"Fill 1","mn":"ADBE Vector Graphic - Fill","hd":false},{"ty":"tr","p":{"a":0,"k":[461.248,212.734],"ix":2},"a":{"a":0,"k":[0,0],"ix":1},"s":{"a":0,"k":[100,100],"ix":3},"r":{"a":0,"k":0,"ix":6},"o":{"a":0,"k":100,"ix":7},"sk":{"a":0,"k":0,"ix":4},"sa":{"a":0,"k":0,"ix":5},"nm":"Transform"}],"nm":"Group 2","np":2,"cix":2,"bm":0,"ix":2,"mn":"ADBE Vector Group","hd":false},{"ty":"gr","it":[{"ind":0,"ty":"sh","ix":1,"ks":{"a":0,"k":{"i":[[0,0],[0,0],[13.046,-36.451],[31.271,-2.494],[0,0],[-20.911,5.372],[0,0]],"o":[[0,0],[0,0],[0,0],[0,0],[0,0],[20.912,-5.372],[0,0]],"v":[[7.58,-47.483],[56.69,-0.096],[22.928,47.483],[-34.243,37.698],[-56.69,-9.88],[-22.349,-25.995],[6.429,-30.216]],"c":true},"ix":2},"nm":"Path 1","mn":"ADBE Vector Shape - Group","hd":false},{"ty":"fl","c":{"a":0,"k":[0.858823537827,0.933333337307,0.929411768913,1],"ix":4},"o":{"a":0,"k":100,"ix":5},"r":1,"bm":0,"nm":"Fill 1","mn":"ADBE Vector Graphic - Fill","hd":false},{"ty":"tr","p":{"a":0,"k":[442.061,232.207],"ix":2},"a":{"a":0,"k":[0,0],"ix":1},"s":{"a":0,"k":[100,100],"ix":3},"r":{"a":0,"k":0,"ix":6},"o":{"a":0,"k":100,"ix":7},"sk":{"a":0,"k":0,"ix":4},"sa":{"a":0,"k":0,"ix":5},"nm":"Transform"}],"nm":"Group 3","np":2,"cix":2,"bm":0,"ix":3,"mn":"ADBE Vector Group","hd":false}],"ip":0,"op":360,"st":0,"bm":0},{"ddd":0,"ind":11,"ty":4,"nm":"Body","sr":1,"ks":{"o":{"a":0,"k":100,"ix":11},"r":{"a":0,"k":0,"ix":10},"p":{"a":0,"k":[511.324,337.651,0],"ix":2,"l":2},"a":{"a":0,"k":[511.324,337.651,0],"ix":1,"l":2},"s":{"a":0,"k":[100,100,100],"ix":6,"l":2}},"ao":0,"shapes":[{"ty":"gr","it":[{"ind":0,"ty":"sh","ix":1,"ks":{"a":0,"k":{"i":[[0.622,0],[0,0.622],[0,0],[-0.622,0],[0,-0.622],[0,0]],"o":[[-0.622,0],[0,0],[0,-0.622],[0.622,0],[0,0],[0,0.622]],"v":[[0,34.505],[-1.127,33.378],[-1.127,-33.378],[0,-34.505],[1.127,-33.378],[1.127,33.378]],"c":true},"ix":2},"nm":"Path 1","mn":"ADBE Vector Shape - Group","hd":false},{"ty":"fl","c":{"a":0,"k":[0.439215689898,0.572549045086,0.556862771511,1],"ix":4},"o":{"a":0,"k":100,"ix":5},"r":1,"bm":0,"nm":"Fill 1","mn":"ADBE Vector Graphic - Fill","hd":false},{"ty":"tr","p":{"a":0,"k":[505.94,286.784],"ix":2},"a":{"a":0,"k":[0,0],"ix":1},"s":{"a":0,"k":[100,100],"ix":3},"r":{"a":0,"k":0,"ix":6},"o":{"a":0,"k":100,"ix":7},"sk":{"a":0,"k":0,"ix":4},"sa":{"a":0,"k":0,"ix":5},"nm":"Transform"}],"nm":"Group 1","np":2,"cix":2,"bm":0,"ix":1,"mn":"ADBE Vector Group","hd":false},{"ty":"gr","it":[{"ind":0,"ty":"sh","ix":1,"ks":{"a":0,"k":{"i":[[0,0],[0,0],[-0.157,0.603],[-0.6,-0.154],[0,0],[0,0],[-0.194,-0.59],[0.592,-0.196]],"o":[[0,0],[-0.602,-0.157],[0.157,-0.6],[0,0],[0,0],[0.592,-0.194],[0.197,0.59],[0,0]],"v":[[4.527,14.121],[-82.753,-8.568],[-83.56,-9.943],[-82.185,-10.749],[4.449,11.771],[82.114,-14.064],[83.538,-13.35],[82.824,-11.926]],"c":true},"ix":2},"nm":"Path 1","mn":"ADBE Vector Shape - Group","hd":false},{"ty":"fl","c":{"a":0,"k":[0.439215689898,0.572549045086,0.556862771511,1],"ix":4},"o":{"a":0,"k":100,"ix":5},"r":1,"bm":0,"nm":"Fill 1","mn":"ADBE Vector Graphic - Fill","hd":false},{"ty":"tr","p":{"a":0,"k":[501.082,433.556],"ix":2},"a":{"a":0,"k":[0,0],"ix":1},"s":{"a":0,"k":[100,100],"ix":3},"r":{"a":0,"k":0,"ix":6},"o":{"a":0,"k":100,"ix":7},"sk":{"a":0,"k":0,"ix":4},"sa":{"a":0,"k":0,"ix":5},"nm":"Transform"}],"nm":"Group 2","np":2,"cix":2,"bm":0,"ix":2,"mn":"ADBE Vector Group","hd":false},{"ty":"gr","it":[{"ind":0,"ty":"sh","ix":1,"ks":{"a":0,"k":{"i":[[0,0],[-1.439,-5.743],[0.819,-3.612],[-1.146,-0.576],[-1.439,0.822],[-0.863,2.007],[0,0],[8.921,3.453],[6.915,-1.356]],"o":[[24.66,73.728],[1.439,5.743],[-0.819,3.612],[1.146,0.576],[1.439,-0.821],[0.863,-2.007],[0,0],[-8.921,-3.453],[-6.915,1.356]],"v":[[-104.665,-69.62],[-71.372,37.214],[-92.711,86.828],[-5.754,109.433],[72.227,83.492],[52.659,39.497],[98.615,-75.933],[101.292,-108.411],[-28.485,-104.299]],"c":true},"ix":2},"nm":"Path 1","mn":"ADBE Vector Shape - Group","hd":false},{"ty":"fl","c":{"a":0,"k":[0.752941191196,0.843137264252,0.831372559071,1],"ix":4},"o":{"a":0,"k":100,"ix":5},"r":1,"bm":0,"nm":"Fill 1","mn":"ADBE Vector Graphic - Fill","hd":false},{"ty":"tr","p":{"a":0,"k":[511.324,337.069],"ix":2},"a":{"a":0,"k":[0,0],"ix":1},"s":{"a":0,"k":[100,100],"ix":3},"r":{"a":0,"k":0,"ix":6},"o":{"a":0,"k":100,"ix":7},"sk":{"a":0,"k":0,"ix":4},"sa":{"a":0,"k":0,"ix":5},"nm":"Transform"}],"nm":"Group 3","np":2,"cix":2,"bm":0,"ix":3,"mn":"ADBE Vector Group","hd":false}],"ip":0,"op":360,"st":0,"bm":0},{"ddd":0,"ind":12,"ty":4,"nm":"Body Shield","sr":1,"ks":{"o":{"a":0,"k":100,"ix":11},"r":{"a":0,"k":0,"ix":10},"p":{"a":0,"k":[505.423,510.961,0],"ix":2,"l":2},"a":{"a":0,"k":[505.423,510.961,0],"ix":1,"l":2},"s":{"a":0,"k":[100,100,100],"ix":6,"l":2}},"ao":0,"shapes":[{"ty":"gr","it":[{"ind":0,"ty":"sh","ix":1,"ks":{"a":0,"k":{"i":[[0.129,0],[0.167,0.457],[-0.584,0.213],[0,0],[-0.213,-0.586],[0.585,-0.213],[0,0]],"o":[[-0.46,0],[-0.213,-0.585],[0,0],[0.583,-0.21],[0.213,0.584],[0,0],[-0.128,0.046]],"v":[[-34.245,13.645],[-35.304,12.905],[-34.633,11.459],[33.858,-13.577],[35.304,-12.906],[34.633,-11.46],[-33.858,13.577]],"c":true},"ix":2},"nm":"Path 1","mn":"ADBE Vector Shape - Group","hd":false},{"ty":"fl","c":{"a":0,"k":[0.439215689898,0.572549045086,0.556862771511,1],"ix":4},"o":{"a":0,"k":100,"ix":5},"r":1,"bm":0,"nm":"Fill 1","mn":"ADBE Vector Graphic - Fill","hd":false},{"ty":"tr","p":{"a":0,"k":[598.232,551.971],"ix":2},"a":{"a":0,"k":[0,0],"ix":1},"s":{"a":0,"k":[100,100],"ix":3},"r":{"a":0,"k":0,"ix":6},"o":{"a":0,"k":100,"ix":7},"sk":{"a":0,"k":0,"ix":4},"sa":{"a":0,"k":0,"ix":5},"nm":"Transform"}],"nm":"Group 1","np":2,"cix":2,"bm":0,"ix":1,"mn":"ADBE Vector Group","hd":false},{"ty":"gr","it":[{"ind":0,"ty":"sh","ix":1,"ks":{"a":0,"k":{"i":[[0.157,0],[0.189,0.415],[-0.567,0.258],[0,0],[-0.258,-0.567],[0.567,-0.258],[0,0]],"o":[[-0.428,0],[-0.258,-0.566],[0,0],[0.56,-0.261],[0.258,0.566],[0,0],[-0.151,0.07]],"v":[[-30.936,15.229],[-31.961,14.569],[-31.403,13.077],[30.469,-15.126],[31.961,-14.568],[31.403,-13.075],[-30.469,15.128]],"c":true},"ix":2},"nm":"Path 1","mn":"ADBE Vector Shape - Group","hd":false},{"ty":"fl","c":{"a":0,"k":[0.439215689898,0.572549045086,0.556862771511,1],"ix":4},"o":{"a":0,"k":100,"ix":5},"r":1,"bm":0,"nm":"Fill 1","mn":"ADBE Vector Graphic - Fill","hd":false},{"ty":"tr","p":{"a":0,"k":[582.26,515.567],"ix":2},"a":{"a":0,"k":[0,0],"ix":1},"s":{"a":0,"k":[100,100],"ix":3},"r":{"a":0,"k":0,"ix":6},"o":{"a":0,"k":100,"ix":7},"sk":{"a":0,"k":0,"ix":4},"sa":{"a":0,"k":0,"ix":5},"nm":"Transform"}],"nm":"Group 2","np":2,"cix":2,"bm":0,"ix":2,"mn":"ADBE Vector Group","hd":false},{"ty":"gr","it":[{"ind":0,"ty":"sh","ix":1,"ks":{"a":0,"k":{"i":[[0.138,0],[0.175,0.442],[-0.579,0.229],[0,0],[-0.231,-0.579],[0.579,-0.229],[0,0]],"o":[[-0.448,0],[-0.228,-0.579],[0,0],[0.579,-0.231],[0.228,0.579],[0,0],[-0.136,0.054]],"v":[[-32.374,13.933],[-33.423,13.221],[-32.789,11.758],[31.959,-13.853],[33.423,-13.22],[32.789,-11.756],[-31.96,13.855]],"c":true},"ix":2},"nm":"Path 1","mn":"ADBE Vector Shape - Group","hd":false},{"ty":"fl","c":{"a":0,"k":[0.439215689898,0.572549045086,0.556862771511,1],"ix":4},"o":{"a":0,"k":100,"ix":5},"r":1,"bm":0,"nm":"Fill 1","mn":"ADBE Vector Graphic - Fill","hd":false},{"ty":"tr","p":{"a":0,"k":[567.296,475.71],"ix":2},"a":{"a":0,"k":[0,0],"ix":1},"s":{"a":0,"k":[100,100],"ix":3},"r":{"a":0,"k":0,"ix":6},"o":{"a":0,"k":100,"ix":7},"sk":{"a":0,"k":0,"ix":4},"sa":{"a":0,"k":0,"ix":5},"nm":"Transform"}],"nm":"Group 3","np":2,"cix":2,"bm":0,"ix":3,"mn":"ADBE Vector Group","hd":false},{"ty":"gr","it":[{"ind":0,"ty":"sh","ix":1,"ks":{"a":0,"k":{"i":[[0,0],[0,0],[0,0],[0,0],[0,0],[0,0],[0,0],[0,0],[-4.54,1.156],[0,0],[0,1.151],[0,0],[0,0],[0,0],[0,0],[0,0]],"o":[[0,0],[0,0],[0,0],[0,0],[0,0],[0,0],[0,0],[0,0],[1.734,-0.442],[0,0],[0,-1.151],[0,0],[0,0],[0,0],[0,0],[0,0]],"v":[[-8.299,-90.05],[17.259,-44.961],[11.665,-42.147],[30.784,-6.399],[25.748,-3.809],[50.065,31.587],[44.309,33.889],[61.864,69.86],[-1.734,90.005],[-12.324,55.036],[-18.425,56.623],[-26.224,20.181],[-31.087,21.802],[-41.159,-21.939],[-47.49,-19.349],[-61.864,-65.334]],"c":true},"ix":2},"nm":"Path 1","mn":"ADBE Vector Shape - Group","hd":false},{"ty":"fl","c":{"a":0,"k":[0.858823537827,0.933333337307,0.929411768913,1],"ix":4},"o":{"a":0,"k":100,"ix":5},"r":1,"bm":0,"nm":"Fill 1","mn":"ADBE Vector Graphic - Fill","hd":false},{"ty":"tr","p":{"a":0,"k":[582.412,507.866],"ix":2},"a":{"a":0,"k":[0,0],"ix":1},"s":{"a":0,"k":[100,100],"ix":3},"r":{"a":0,"k":0,"ix":6},"o":{"a":0,"k":100,"ix":7},"sk":{"a":0,"k":0,"ix":4},"sa":{"a":0,"k":0,"ix":5},"nm":"Transform"}],"nm":"Group 4","np":2,"cix":2,"bm":0,"ix":4,"mn":"ADBE Vector Group","hd":false},{"ty":"gr","it":[{"ind":0,"ty":"sh","ix":1,"ks":{"a":0,"k":{"i":[[0,0],[-4.91,-6.043],[0,0],[0,0]],"o":[[7.063,19.264],[4.91,6.043],[0,0],[0,0]],"v":[[-66.476,-74.906],[0.558,84.52],[66.476,58.908],[-16.641,-85.287]],"c":true},"ix":2},"nm":"Path 1","mn":"ADBE Vector Shape - Group","hd":false},{"ty":"fl","c":{"a":0,"k":[0.639215707779,0.207843139768,0.203921571374,1],"ix":4},"o":{"a":0,"k":100,"ix":5},"r":1,"bm":0,"nm":"Fill 1","mn":"ADBE Vector Graphic - Fill","hd":false},{"ty":"tr","p":{"a":0,"k":[577.8,518.818],"ix":2},"a":{"a":0,"k":[0,0],"ix":1},"s":{"a":0,"k":[100,100],"ix":3},"r":{"a":0,"k":0,"ix":6},"o":{"a":0,"k":100,"ix":7},"sk":{"a":0,"k":0,"ix":4},"sa":{"a":0,"k":0,"ix":5},"nm":"Transform"}],"nm":"Group 5","np":2,"cix":2,"bm":0,"ix":5,"mn":"ADBE Vector Group","hd":false},{"ty":"gr","it":[{"ind":0,"ty":"sh","ix":1,"ks":{"a":0,"k":{"i":[[0.46,0],[0.128,0.046],[0,0],[-0.213,0.584],[-0.585,-0.212],[0,0],[0.213,-0.585]],"o":[[-0.129,0],[0,0],[-0.585,-0.213],[0.213,-0.586],[0,0],[0.585,0.213],[-0.167,0.457]],"v":[[34.245,13.645],[33.858,13.577],[-34.633,-11.46],[-35.304,-12.906],[-33.858,-13.577],[34.633,11.46],[35.304,12.906]],"c":true},"ix":2},"nm":"Path 1","mn":"ADBE Vector Shape - Group","hd":false},{"ty":"fl","c":{"a":0,"k":[0.439215689898,0.572549045086,0.556862771511,1],"ix":4},"o":{"a":0,"k":100,"ix":5},"r":1,"bm":0,"nm":"Fill 1","mn":"ADBE Vector Graphic - Fill","hd":false},{"ty":"tr","p":{"a":0,"k":[412.614,551.97],"ix":2},"a":{"a":0,"k":[0,0],"ix":1},"s":{"a":0,"k":[100,100],"ix":3},"r":{"a":0,"k":0,"ix":6},"o":{"a":0,"k":100,"ix":7},"sk":{"a":0,"k":0,"ix":4},"sa":{"a":0,"k":0,"ix":5},"nm":"Transform"}],"nm":"Group 6","np":2,"cix":2,"bm":0,"ix":6,"mn":"ADBE Vector Group","hd":false},{"ty":"gr","it":[{"ind":0,"ty":"sh","ix":1,"ks":{"a":0,"k":{"i":[[0.428,0],[0.151,0.07],[0,0],[-0.258,0.566],[-0.563,-0.26],[0,0],[0.258,-0.566]],"o":[[-0.157,0],[0,0],[-0.567,-0.258],[0.258,-0.567],[0,0],[0.567,0.258],[-0.189,0.415]],"v":[[30.935,15.229],[30.469,15.127],[-31.403,-13.076],[-31.961,-14.568],[-30.469,-15.126],[31.403,13.077],[31.961,14.569]],"c":true},"ix":2},"nm":"Path 1","mn":"ADBE Vector Shape - Group","hd":false},{"ty":"fl","c":{"a":0,"k":[0.439215689898,0.572549045086,0.556862771511,1],"ix":4},"o":{"a":0,"k":100,"ix":5},"r":1,"bm":0,"nm":"Fill 1","mn":"ADBE Vector Graphic - Fill","hd":false},{"ty":"tr","p":{"a":0,"k":[428.586,515.567],"ix":2},"a":{"a":0,"k":[0,0],"ix":1},"s":{"a":0,"k":[100,100],"ix":3},"r":{"a":0,"k":0,"ix":6},"o":{"a":0,"k":100,"ix":7},"sk":{"a":0,"k":0,"ix":4},"sa":{"a":0,"k":0,"ix":5},"nm":"Transform"}],"nm":"Group 7","np":2,"cix":2,"bm":0,"ix":7,"mn":"ADBE Vector Group","hd":false},{"ty":"gr","it":[{"ind":0,"ty":"sh","ix":1,"ks":{"a":0,"k":{"i":[[0.448,0],[0.136,0.054],[0,0],[-0.228,0.579],[-0.577,-0.228],[0,0],[0.228,-0.579]],"o":[[-0.138,0],[0,0],[-0.579,-0.229],[0.229,-0.579],[0,0],[0.579,0.229],[-0.175,0.442]],"v":[[32.374,13.933],[31.96,13.854],[-32.789,-11.757],[-33.423,-13.22],[-31.96,-13.854],[32.789,11.757],[33.423,13.221]],"c":true},"ix":2},"nm":"Path 1","mn":"ADBE Vector Shape - Group","hd":false},{"ty":"fl","c":{"a":0,"k":[0.439215689898,0.572549045086,0.556862771511,1],"ix":4},"o":{"a":0,"k":100,"ix":5},"r":1,"bm":0,"nm":"Fill 1","mn":"ADBE Vector Graphic - Fill","hd":false},{"ty":"tr","p":{"a":0,"k":[443.55,475.711],"ix":2},"a":{"a":0,"k":[0,0],"ix":1},"s":{"a":0,"k":[100,100],"ix":3},"r":{"a":0,"k":0,"ix":6},"o":{"a":0,"k":100,"ix":7},"sk":{"a":0,"k":0,"ix":4},"sa":{"a":0,"k":0,"ix":5},"nm":"Transform"}],"nm":"Group 8","np":2,"cix":2,"bm":0,"ix":8,"mn":"ADBE Vector Group","hd":false},{"ty":"gr","it":[{"ind":0,"ty":"sh","ix":1,"ks":{"a":0,"k":{"i":[[0,0],[0,0],[0,0],[0,0],[0,0],[0,0],[0,0],[0,0],[4.54,1.156],[0,0],[0,1.151],[0,0],[0,0],[0,0],[0,0],[0,0]],"o":[[0,0],[0,0],[0,0],[0,0],[0,0],[0,0],[0,0],[0,0],[-1.734,-0.442],[0,0],[0,-1.151],[0,0],[0,0],[0,0],[0,0],[0,0]],"v":[[2.968,-85.347],[-17.259,-49.664],[-11.665,-46.85],[-30.784,-11.102],[-25.748,-8.512],[-50.065,26.884],[-44.309,29.186],[-61.864,65.158],[1.734,85.302],[12.324,50.333],[18.425,51.92],[26.224,15.479],[31.087,17.1],[41.159,-26.642],[47.49,-24.052],[61.864,-70.037]],"c":true},"ix":2},"nm":"Path 1","mn":"ADBE Vector Shape - Group","hd":false},{"ty":"fl","c":{"a":0,"k":[0.858823537827,0.933333337307,0.929411768913,1],"ix":4},"o":{"a":0,"k":100,"ix":5},"r":1,"bm":0,"nm":"Fill 1","mn":"ADBE Vector Graphic - Fill","hd":false},{"ty":"tr","p":{"a":0,"k":[428.434,512.569],"ix":2},"a":{"a":0,"k":[0,0],"ix":1},"s":{"a":0,"k":[100,100],"ix":3},"r":{"a":0,"k":0,"ix":6},"o":{"a":0,"k":100,"ix":7},"sk":{"a":0,"k":0,"ix":4},"sa":{"a":0,"k":0,"ix":5},"nm":"Transform"}],"nm":"Group 9","np":2,"cix":2,"bm":0,"ix":9,"mn":"ADBE Vector Group","hd":false},{"ty":"gr","it":[{"ind":0,"ty":"sh","ix":1,"ks":{"a":0,"k":{"i":[[0,0],[4.91,-6.043],[0,0],[0,0]],"o":[[-7.063,19.264],[-4.91,6.043],[0,0],[0,0]],"v":[[66.476,-74.906],[-0.558,84.52],[-66.476,58.908],[16.641,-85.287]],"c":true},"ix":2},"nm":"Path 1","mn":"ADBE Vector Shape - Group","hd":false},{"ty":"fl","c":{"a":0,"k":[0.639215707779,0.207843139768,0.203921571374,1],"ix":4},"o":{"a":0,"k":100,"ix":5},"r":1,"bm":0,"nm":"Fill 1","mn":"ADBE Vector Graphic - Fill","hd":false},{"ty":"tr","p":{"a":0,"k":[433.046,518.818],"ix":2},"a":{"a":0,"k":[0,0],"ix":1},"s":{"a":0,"k":[100,100],"ix":3},"r":{"a":0,"k":0,"ix":6},"o":{"a":0,"k":100,"ix":7},"sk":{"a":0,"k":0,"ix":4},"sa":{"a":0,"k":0,"ix":5},"nm":"Transform"}],"nm":"Group 10","np":2,"cix":2,"bm":0,"ix":10,"mn":"ADBE Vector Group","hd":false}],"ip":0,"op":360,"st":0,"bm":0},{"ddd":0,"ind":13,"ty":4,"nm":"Body shield2","sr":1,"ks":{"o":{"a":0,"k":100,"ix":11},"r":{"a":0,"k":0,"ix":10},"p":{"a":0,"k":[501.43,504.127,0],"ix":2,"l":2},"a":{"a":0,"k":[501.43,504.127,0],"ix":1,"l":2},"s":{"a":0,"k":[100,100,100],"ix":6,"l":2}},"ao":0,"shapes":[{"ty":"gr","it":[{"ind":0,"ty":"sh","ix":1,"ks":{"a":0,"k":{"i":[[4.772,0],[2.389,2.4],[-0.039,0.554],[-0.337,2.503],[0,0],[0.38,-5.314],[-0.215,-0.218],[-8.633,0.577],[0,0],[-1.072,1.529],[2.299,28.009],[0,0],[2.912,-4.151],[34.132,-0.714],[0,0]],"o":[[-6.904,0],[-0.778,-0.78],[0.386,-5.385],[0,0],[-0.083,0.612],[-0.004,0.062],[2.501,2.509],[0,0],[38.775,-0.809],[1.836,-3.284],[0,0],[1.014,12.37],[-2.133,3.044],[0,0],[-0.956,0.064]],"v":[[-22.632,42.044],[-40.27,39.114],[-41.123,36.954],[-32.481,-29.803],[-30.248,-29.502],[-38.875,37.114],[-38.673,37.524],[-12.92,39.475],[-10.889,39.43],[38.374,35.1],[34.954,-41.858],[37.202,-42.044],[40.219,36.394],[-10.841,41.684],[-12.82,41.726]],"c":true},"ix":2},"nm":"Path 1","mn":"ADBE Vector Shape - Group","hd":false},{"ty":"fl","c":{"a":0,"k":[0.101960785687,0.101960785687,0.101960785687,1],"ix":4},"o":{"a":0,"k":100,"ix":5},"r":1,"bm":0,"nm":"Fill 1","mn":"ADBE Vector Graphic - Fill","hd":false},{"ty":"tr","p":{"a":0,"k":[501.43,533.058],"ix":2},"a":{"a":0,"k":[0,0],"ix":1},"s":{"a":0,"k":[100,100],"ix":3},"r":{"a":0,"k":0,"ix":6},"o":{"a":0,"k":100,"ix":7},"sk":{"a":0,"k":0,"ix":4},"sa":{"a":0,"k":0,"ix":5},"nm":"Transform"}],"nm":"Group 1","np":2,"cix":2,"bm":0,"ix":1,"mn":"ADBE Vector Group","hd":false},{"ty":"gr","it":[{"ind":0,"ty":"sh","ix":1,"ks":{"a":0,"k":{"i":[[0,0],[-4.222,-3.453],[2.067,5.18],[2.628,1.706],[-1.395,-3.652]],"o":[[-7.3,101.872],[4.222,3.453],[-2.067,-5.18],[-2.628,-1.706],[1.395,3.652]],"v":[[-27.598,-40.5],[-38.545,68.278],[39.688,65.401],[33.841,-69.874],[-34.323,-63.522]],"c":true},"ix":2},"nm":"Path 1","mn":"ADBE Vector Shape - Group","hd":false},{"ty":"fl","c":{"a":0,"k":[0.51372551918,0.647058844566,0.627451002598,1],"ix":4},"o":{"a":0,"k":100,"ix":5},"r":1,"bm":0,"nm":"Fill 1","mn":"ADBE Vector Graphic - Fill","hd":false},{"ty":"tr","p":{"a":0,"k":[501.039,503.405],"ix":2},"a":{"a":0,"k":[0,0],"ix":1},"s":{"a":0,"k":[100,100],"ix":3},"r":{"a":0,"k":0,"ix":6},"o":{"a":0,"k":100,"ix":7},"sk":{"a":0,"k":0,"ix":4},"sa":{"a":0,"k":0,"ix":5},"nm":"Transform"}],"nm":"Group 2","np":2,"cix":2,"bm":0,"ix":2,"mn":"ADBE Vector Group","hd":false}],"ip":0,"op":360,"st":0,"bm":0},{"ddd":0,"ind":14,"ty":4,"nm":"Left upper arm","sr":1,"ks":{"o":{"a":0,"k":100,"ix":11},"r":{"a":1,"k":[{"i":{"x":[0.294],"y":[1]},"o":{"x":[0.333],"y":[0]},"t":30,"s":[0]},{"i":{"x":[0.667],"y":[1]},"o":{"x":[0.167],"y":[0]},"t":90,"s":[-10]},{"i":{"x":[0.285],"y":[1]},"o":{"x":[0.333],"y":[0]},"t":150,"s":[-10]},{"t":210,"s":[0]}],"ix":10},"p":{"a":0,"k":[396.397,237.866,0],"ix":2,"l":2},"a":{"a":0,"k":[396.397,237.866,0],"ix":1,"l":2},"s":{"a":0,"k":[100,100,100],"ix":6,"l":2}},"ao":0,"shapes":[{"ty":"gr","it":[{"ind":0,"ty":"sh","ix":1,"ks":{"a":0,"k":{"i":[[-1.228,3.8],[0,0],[4.325,-9.866],[-0.729,-2.3],[-1.279,2.172]],"o":[[-3.215,-15.113],[-5.68,8.641],[21.893,19.746],[1.744,-2.951],[1.211,-2.85]],"v":[[24.029,23.319],[-9.072,-41.147],[-24.029,-13.138],[15.724,41.147],[20.28,33.425]],"c":true},"ix":2},"nm":"Path 1","mn":"ADBE Vector Shape - Group","hd":false},{"ty":"fl","c":{"a":0,"k":[0.101960785687,0.101960785687,0.101960785687,1],"ix":4},"o":{"a":0,"k":100,"ix":5},"r":1,"bm":0,"nm":"Fill 1","mn":"ADBE Vector Graphic - Fill","hd":false},{"ty":"tr","p":{"a":0,"k":[408.161,279.014],"ix":2},"a":{"a":0,"k":[0,0],"ix":1},"s":{"a":0,"k":[100,100],"ix":3},"r":{"a":0,"k":0,"ix":6},"o":{"a":0,"k":100,"ix":7},"sk":{"a":0,"k":0,"ix":4},"sa":{"a":0,"k":0,"ix":5},"nm":"Transform"}],"nm":"Group 1","np":2,"cix":2,"bm":0,"ix":1,"mn":"ADBE Vector Group","hd":false},{"ty":"gr","it":[{"ind":0,"ty":"sh","ix":1,"ks":{"a":1,"k":[{"i":{"x":0.294,"y":1},"o":{"x":0.333,"y":0},"t":30,"s":[{"i":[[0,0],[-1.727,-11.511],[-1.647,-0.663],[-4.029,6.907]],"o":[[-33.669,51.224],[1.727,11.511],[1.647,0.663],[4.029,-6.907]],"v":[[3.692,-80.247],[-36.884,63.64],[-19.538,80.243],[36.786,-12.045]],"c":true}]},{"i":{"x":0.667,"y":1},"o":{"x":0.167,"y":0},"t":90,"s":[{"i":[[0,0],[-1.727,-11.511],[-1.647,-0.663],[-4.029,6.907]],"o":[[-33.669,51.224],[1.727,11.511],[1.647,0.663],[4.029,-6.907]],"v":[[3.692,-80.247],[-30.775,43.393],[-13.429,59.996],[36.786,-12.045]],"c":true}]},{"i":{"x":0.285,"y":1},"o":{"x":0.333,"y":0},"t":150,"s":[{"i":[[0,0],[-1.727,-11.511],[-1.647,-0.663],[-4.029,6.906]],"o":[[-33.669,51.224],[1.727,11.511],[1.647,0.663],[4.029,-6.907]],"v":[[3.692,-80.247],[-30.775,43.393],[-13.429,59.996],[36.786,-12.045]],"c":true}]},{"t":210,"s":[{"i":[[0,0],[-1.727,-11.511],[-1.647,-0.663],[-4.029,6.906]],"o":[[-33.669,51.224],[1.727,11.511],[1.647,0.663],[4.029,-6.907]],"v":[[3.692,-80.247],[-36.884,63.64],[-19.538,80.243],[36.786,-12.045]],"c":true}]}],"ix":2},"nm":"Path 1","mn":"ADBE Vector Shape - Group","hd":false},{"ty":"fl","c":{"a":0,"k":[0.439215689898,0.572549045086,0.556862771511,1],"ix":4},"o":{"a":0,"k":100,"ix":5},"r":1,"bm":0,"nm":"Fill 1","mn":"ADBE Vector Graphic - Fill","hd":false},{"ty":"tr","p":{"a":0,"k":[395.397,318.113],"ix":2},"a":{"a":0,"k":[0,0],"ix":1},"s":{"a":0,"k":[100,100],"ix":3},"r":{"a":0,"k":0,"ix":6},"o":{"a":0,"k":100,"ix":7},"sk":{"a":0,"k":0,"ix":4},"sa":{"a":0,"k":0,"ix":5},"nm":"Transform"}],"nm":"Group 2","np":2,"cix":2,"bm":0,"ix":2,"mn":"ADBE Vector Group","hd":false}],"ip":0,"op":360,"st":0,"bm":0},{"ddd":0,"ind":15,"ty":4,"nm":"right upper arm","sr":1,"ks":{"o":{"a":0,"k":100,"ix":11},"r":{"a":1,"k":[{"i":{"x":[0.294],"y":[1]},"o":{"x":[0.333],"y":[0]},"t":30,"s":[0]},{"i":{"x":[0.667],"y":[1]},"o":{"x":[0.167],"y":[0]},"t":90,"s":[7]},{"i":{"x":[0.285],"y":[1]},"o":{"x":[0.333],"y":[0]},"t":150,"s":[7]},{"t":210,"s":[0]}],"ix":10},"p":{"a":0,"k":[618.948,229.425,0],"ix":2,"l":2},"a":{"a":0,"k":[618.948,229.425,0],"ix":1,"l":2},"s":{"a":0,"k":[100,100,100],"ix":6,"l":2}},"ao":0,"shapes":[{"ty":"gr","it":[{"ind":0,"ty":"sh","ix":1,"ks":{"a":0,"k":{"i":[[4.618,16.341],[11.461,-16.04],[0,0],[-13.236,3.559]],"o":[[0,0],[6.062,17.742],[7,-22.787],[-3.868,-12.226]],"v":[[16.042,-43.391],[-28.792,10.742],[-14.868,43.391],[28.792,-0.895]],"c":true},"ix":2},"nm":"Path 1","mn":"ADBE Vector Shape - Group","hd":false},{"ty":"fl","c":{"a":0,"k":[0.101960785687,0.101960785687,0.101960785687,1],"ix":4},"o":{"a":0,"k":100,"ix":5},"r":1,"bm":0,"nm":"Fill 1","mn":"ADBE Vector Graphic - Fill","hd":false},{"ty":"tr","p":{"a":0,"k":[602.905,272.817],"ix":2},"a":{"a":0,"k":[0,0],"ix":1},"s":{"a":0,"k":[100,100],"ix":3},"r":{"a":0,"k":0,"ix":6},"o":{"a":0,"k":100,"ix":7},"sk":{"a":0,"k":0,"ix":4},"sa":{"a":0,"k":0,"ix":5},"nm":"Transform"}],"nm":"Group 1","np":2,"cix":2,"bm":0,"ix":1,"mn":"ADBE Vector Group","hd":false},{"ty":"gr","it":[{"ind":0,"ty":"sh","ix":1,"ks":{"a":1,"k":[{"i":{"x":0.294,"y":1},"o":{"x":0.333,"y":0},"t":30,"s":[{"i":[[0,0],[-4.892,-29.353],[3.831,-0.466],[4.892,6.043],[-1.151,6.331]],"o":[[17.266,61.104],[4.892,29.353],[-3.831,0.466],[-4.892,-6.043],[1.151,-6.331]],"v":[[6.575,-77.948],[41.108,40.135],[27.385,77.943],[-7.238,40.998],[-42.059,-17.42]],"c":true}]},{"i":{"x":0.667,"y":1},"o":{"x":0.167,"y":0},"t":90,"s":[{"i":[[0,0],[-4.892,-29.353],[3.831,-0.466],[4.892,6.043],[-1.151,6.331]],"o":[[17.266,61.104],[4.892,29.353],[-3.831,0.466],[-4.892,-6.043],[1.151,-6.331]],"v":[[6.575,-77.948],[39.001,39.386],[16.18,68.74],[-7.238,40.998],[-42.059,-17.42]],"c":true}]},{"i":{"x":0.285,"y":1},"o":{"x":0.333,"y":0},"t":150,"s":[{"i":[[0,0],[-4.892,-29.353],[3.831,-0.466],[4.892,6.043],[-1.151,6.331]],"o":[[17.266,61.104],[4.892,29.353],[-3.831,0.466],[-4.892,-6.043],[1.151,-6.331]],"v":[[6.575,-77.948],[39.001,39.386],[16.18,68.74],[-7.238,40.998],[-42.059,-17.42]],"c":true}]},{"t":210,"s":[{"i":[[0,0],[-4.892,-29.353],[3.831,-0.466],[4.892,6.043],[-1.151,6.331]],"o":[[17.266,61.104],[4.892,29.353],[-3.831,0.466],[-4.892,-6.043],[1.151,-6.331]],"v":[[6.575,-77.948],[41.108,40.135],[27.385,77.943],[-7.238,40.998],[-42.059,-17.42]],"c":true}]}],"ix":2},"nm":"Path 1","mn":"ADBE Vector Shape - Group","hd":false},{"ty":"fl","c":{"a":0,"k":[0.439215689898,0.572549045086,0.556862771511,1],"ix":4},"o":{"a":0,"k":100,"ix":5},"r":1,"bm":0,"nm":"Fill 1","mn":"ADBE Vector Graphic - Fill","hd":false},{"ty":"tr","p":{"a":0,"k":[612.373,307.373],"ix":2},"a":{"a":0,"k":[0,0],"ix":1},"s":{"a":0,"k":[100,100],"ix":3},"r":{"a":0,"k":0,"ix":6},"o":{"a":0,"k":100,"ix":7},"sk":{"a":0,"k":0,"ix":4},"sa":{"a":0,"k":0,"ix":5},"nm":"Transform"}],"nm":"Group 2","np":2,"cix":2,"bm":0,"ix":2,"mn":"ADBE Vector Group","hd":false}],"ip":0,"op":360,"st":0,"bm":0},{"ddd":0,"ind":16,"ty":4,"nm":"right leg","sr":1,"ks":{"o":{"a":0,"k":100,"ix":11},"r":{"a":0,"k":0,"ix":10},"p":{"a":0,"k":[589.17,713.336,0],"ix":2,"l":2},"a":{"a":0,"k":[589.17,713.336,0],"ix":1,"l":2},"s":{"a":0,"k":[100,100,100],"ix":6,"l":2}},"ao":0,"shapes":[{"ty":"gr","it":[{"ind":0,"ty":"sh","ix":1,"ks":{"a":0,"k":{"i":[[0.068,0],[0.101,0.542],[2.699,2.941],[6.982,5.751],[2.663,3.722],[-0.506,0.363],[-0.363,-0.505],[-10.885,-8.964],[-1.374,-1.497],[-4.218,-22.655],[0.612,-0.115]],"o":[[-0.532,0],[-4.105,-22.047],[-1.266,-1.381],[-11.593,-9.545],[-0.363,-0.506],[0.509,-0.364],[2.492,3.481],[7.339,6.042],[2.986,3.253],[0.115,0.612],[-0.07,0.013]],"v":[[25.778,33.75],[24.671,32.829],[16.268,5.279],[1.987,-6.819],[-26.696,-31.967],[-26.435,-33.539],[-24.863,-33.278],[3.42,-8.558],[17.928,3.756],[26.887,32.417],[25.985,33.731]],"c":true},"ix":2},"nm":"Path 1","mn":"ADBE Vector Shape - Group","hd":false},{"ty":"fl","c":{"a":0,"k":[0.439215689898,0.572549045086,0.556862771511,1],"ix":4},"o":{"a":0,"k":100,"ix":5},"r":1,"bm":0,"nm":"Fill 1","mn":"ADBE Vector Graphic - Fill","hd":false},{"ty":"tr","p":{"a":0,"k":[623.093,897.241],"ix":2},"a":{"a":0,"k":[0,0],"ix":1},"s":{"a":0,"k":[100,100],"ix":3},"r":{"a":0,"k":0,"ix":6},"o":{"a":0,"k":100,"ix":7},"sk":{"a":0,"k":0,"ix":4},"sa":{"a":0,"k":0,"ix":5},"nm":"Transform"}],"nm":"Group 1","np":2,"cix":2,"bm":0,"ix":1,"mn":"ADBE Vector Group","hd":false},{"ty":"gr","it":[{"ind":0,"ty":"sh","ix":1,"ks":{"a":0,"k":{"i":[[-14.334,1.614],[-0.677,-0.623],[-3.022,-2.158],[-0.674,-2.341],[-1.487,-7.859],[6.85,0.816],[1.727,2.014],[-1.727,2.014]],"o":[[1.46,1.796],[1.425,1.311],[3.022,2.158],[0.452,1.567],[-8.787,0.777],[-12.086,-1.439],[-1.727,-2.015],[1.386,-1.617]],"v":[[-5.171,-33.479],[-1.711,-29.443],[37.341,3.702],[41.559,11.691],[47.128,32.614],[19.931,33.055],[-46.833,16.364],[-40.502,-10.398]],"c":true},"ix":2},"nm":"Path 1","mn":"ADBE Vector Shape - Group","hd":false},{"ty":"fl","c":{"a":0,"k":[0.752941191196,0.843137264252,0.831372559071,1],"ix":4},"o":{"a":0,"k":100,"ix":5},"r":1,"bm":0,"nm":"Fill 1","mn":"ADBE Vector Graphic - Fill","hd":false},{"ty":"tr","p":{"a":0,"k":[602.851,898.057],"ix":2},"a":{"a":0,"k":[0,0],"ix":1},"s":{"a":0,"k":[100,100],"ix":3},"r":{"a":0,"k":0,"ix":6},"o":{"a":0,"k":100,"ix":7},"sk":{"a":0,"k":0,"ix":4},"sa":{"a":0,"k":0,"ix":5},"nm":"Transform"}],"nm":"Group 2","np":2,"cix":2,"bm":0,"ix":2,"mn":"ADBE Vector Group","hd":false},{"ty":"gr","it":[{"ind":0,"ty":"sh","ix":1,"ks":{"a":0,"k":{"i":[[-12.85,-11.931],[-4.317,-4.892],[0.288,-1.151],[12.086,1.439],[1.727,2.014],[-1.727,2.014]],"o":[[14.854,13.792],[4.317,4.892],[-0.288,1.151],[-12.086,-1.439],[-1.727,-2.014],[1.727,-2.014]],"v":[[-1.882,-30.77],[47.327,5.202],[53.083,30.814],[13.946,33.116],[-52.818,16.425],[-46.487,-10.338]],"c":true},"ix":2},"nm":"Path 1","mn":"ADBE Vector Shape - Group","hd":false},{"ty":"fl","c":{"a":0,"k":[0.858823537827,0.933333337307,0.929411768913,1],"ix":4},"o":{"a":0,"k":100,"ix":5},"r":1,"bm":0,"nm":"Fill 1","mn":"ADBE Vector Graphic - Fill","hd":false},{"ty":"tr","p":{"a":0,"k":[608.836,897.996],"ix":2},"a":{"a":0,"k":[0,0],"ix":1},"s":{"a":0,"k":[100,100],"ix":3},"r":{"a":0,"k":0,"ix":6},"o":{"a":0,"k":100,"ix":7},"sk":{"a":0,"k":0,"ix":4},"sa":{"a":0,"k":0,"ix":5},"nm":"Transform"}],"nm":"Group 3","np":2,"cix":2,"bm":0,"ix":3,"mn":"ADBE Vector Group","hd":false},{"ty":"gr","it":[{"ind":0,"ty":"sh","ix":1,"ks":{"a":0,"k":{"i":[[0,0],[13.381,-4.604],[-1.058,-11.882]],"o":[[2.491,-14.089],[-13.381,4.604],[1.058,11.882]],"v":[[26.248,-10.353],[4.566,-21.564],[-26.565,21.807]],"c":true},"ix":2},"nm":"Path 1","mn":"ADBE Vector Shape - Group","hd":false},{"ty":"fl","c":{"a":0,"k":[0.101960785687,0.101960785687,0.101960785687,1],"ix":4},"o":{"a":0,"k":100,"ix":5},"r":1,"bm":0,"nm":"Fill 1","mn":"ADBE Vector Graphic - Fill","hd":false},{"ty":"tr","p":{"a":0,"k":[584.115,880.588],"ix":2},"a":{"a":0,"k":[0,0],"ix":1},"s":{"a":0,"k":[100,100],"ix":3},"r":{"a":0,"k":0,"ix":6},"o":{"a":0,"k":100,"ix":7},"sk":{"a":0,"k":0,"ix":4},"sa":{"a":0,"k":0,"ix":5},"nm":"Transform"}],"nm":"Group 4","np":2,"cix":2,"bm":0,"ix":4,"mn":"ADBE Vector Group","hd":false},{"ty":"gr","it":[{"ind":0,"ty":"sh","ix":1,"ks":{"a":0,"k":{"i":[[0,0],[6.907,23.406],[4.988,-13.429],[0,-6.523]],"o":[[3.07,-89.018],[-6.907,-23.406],[-4.988,13.429],[0,6.523]],"v":[[18.034,83.237],[18.034,-95.95],[-21.104,-100.554],[-6.139,111.247]],"c":true},"ix":2},"nm":"Path 1","mn":"ADBE Vector Shape - Group","hd":false},{"ty":"fl","c":{"a":0,"k":[0.858823537827,0.933333337307,0.929411768913,1],"ix":4},"o":{"a":0,"k":100,"ix":5},"r":1,"bm":0,"nm":"Fill 1","mn":"ADBE Vector Graphic - Fill","hd":false},{"ty":"tr","p":{"a":0,"k":[581.247,777.083],"ix":2},"a":{"a":0,"k":[0,0],"ix":1},"s":{"a":0,"k":[100,100],"ix":3},"r":{"a":0,"k":0,"ix":6},"o":{"a":0,"k":100,"ix":7},"sk":{"a":0,"k":0,"ix":4},"sa":{"a":0,"k":0,"ix":5},"nm":"Transform"}],"nm":"Group 5","np":2,"cix":2,"bm":0,"ix":5,"mn":"ADBE Vector Group","hd":false},{"ty":"gr","it":[{"ind":0,"ty":"sh","ix":1,"ks":{"a":0,"k":{"i":[[0,0],[4.796,-3.475],[-2.686,0],[-2.494,3.07]],"o":[[-12.95,7.482],[-4.796,3.475],[2.686,0],[2.494,-3.069]],"v":[[12.919,-11.127],[-14.036,-4.05],[-14.036,11.127],[16.276,3.261]],"c":true},"ix":2},"nm":"Path 1","mn":"ADBE Vector Shape - Group","hd":false},{"ty":"fl","c":{"a":0,"k":[0.101960785687,0.101960785687,0.101960785687,1],"ix":4},"o":{"a":0,"k":100,"ix":5},"r":1,"bm":0,"nm":"Fill 1","mn":"ADBE Vector Graphic - Fill","hd":false},{"ty":"tr","p":{"a":0,"k":[554.035,711.637],"ix":2},"a":{"a":0,"k":[0,0],"ix":1},"s":{"a":0,"k":[100,100],"ix":3},"r":{"a":0,"k":0,"ix":6},"o":{"a":0,"k":100,"ix":7},"sk":{"a":0,"k":0,"ix":4},"sa":{"a":0,"k":0,"ix":5},"nm":"Transform"}],"nm":"Group 6","np":2,"cix":2,"bm":0,"ix":6,"mn":"ADBE Vector Group","hd":false},{"ty":"gr","it":[{"ind":0,"ty":"sh","ix":1,"ks":{"a":0,"k":{"i":[[0,0],[0,-1.439],[0,0],[-0.191,8.611],[5.172,25.612],[1.727,26.187],[2.59,11.799],[8.355,35.547],[0,0]],"o":[[0.576,27.339],[0,1.439],[0,0],[0.191,-8.611],[-5.172,-25.612],[-1.727,-26.187],[-2.59,-11.799],[-20.813,-88.549],[0,0]],"v":[[43.365,-117.055],[35.945,2.947],[31.916,180.503],[-1.081,200.625],[-4.063,132.732],[-18.156,47.552],[-18.156,-1.082],[-34.847,-90.004],[-31.918,-202.235]],"c":true},"ix":2},"nm":"Path 1","mn":"ADBE Vector Shape - Group","hd":false},{"ty":"fl","c":{"a":0,"k":[0.439215689898,0.572549045086,0.556862771511,1],"ix":4},"o":{"a":0,"k":100,"ix":5},"r":1,"bm":0,"nm":"Fill 1","mn":"ADBE Vector Graphic - Fill","hd":false},{"ty":"tr","p":{"a":0,"k":[559.786,697.371],"ix":2},"a":{"a":0,"k":[0,0],"ix":1},"s":{"a":0,"k":[100,100],"ix":3},"r":{"a":0,"k":0,"ix":6},"o":{"a":0,"k":100,"ix":7},"sk":{"a":0,"k":0,"ix":4},"sa":{"a":0,"k":0,"ix":5},"nm":"Transform"}],"nm":"Group 7","np":2,"cix":2,"bm":0,"ix":7,"mn":"ADBE Vector Group","hd":false}],"ip":0,"op":360,"st":0,"bm":0},{"ddd":0,"ind":17,"ty":4,"nm":"Left leg","sr":1,"ks":{"o":{"a":0,"k":100,"ix":11},"r":{"a":0,"k":0,"ix":10},"p":{"a":0,"k":[410.777,723.552,0],"ix":2,"l":2},"a":{"a":0,"k":[410.777,723.552,0],"ix":1,"l":2},"s":{"a":0,"k":[100,100,100],"ix":6,"l":2}},"ao":0,"shapes":[{"ty":"gr","it":[{"ind":0,"ty":"sh","ix":1,"ks":{"a":0,"k":{"i":[[0.532,0],[0.07,0.013],[-0.115,0.612],[-2.985,3.253],[-7.339,6.042],[-2.492,3.481],[-0.508,-0.364],[0.363,-0.506],[11.593,-9.545],[1.268,-1.381],[4.105,-22.047]],"o":[[-0.068,0],[-0.612,-0.115],[4.218,-22.655],[1.375,-1.497],[10.885,-8.964],[0.361,-0.505],[0.506,0.363],[-2.663,3.722],[-6.982,5.751],[-2.698,2.941],[-0.101,0.542]],"v":[[-25.778,33.75],[-25.985,33.731],[-26.887,32.417],[-17.93,3.756],[-3.42,-8.558],[24.863,-33.278],[26.435,-33.539],[26.696,-31.967],[-1.987,-6.819],[-16.269,5.279],[-24.671,32.829]],"c":true},"ix":2},"nm":"Path 1","mn":"ADBE Vector Shape - Group","hd":false},{"ty":"fl","c":{"a":0,"k":[0.439215689898,0.572549045086,0.556862771511,1],"ix":4},"o":{"a":0,"k":100,"ix":5},"r":1,"bm":0,"nm":"Fill 1","mn":"ADBE Vector Graphic - Fill","hd":false},{"ty":"tr","p":{"a":0,"k":[376.907,897.241],"ix":2},"a":{"a":0,"k":[0,0],"ix":1},"s":{"a":0,"k":[100,100],"ix":3},"r":{"a":0,"k":0,"ix":6},"o":{"a":0,"k":100,"ix":7},"sk":{"a":0,"k":0,"ix":4},"sa":{"a":0,"k":0,"ix":5},"nm":"Transform"}],"nm":"Group 1","np":2,"cix":2,"bm":0,"ix":1,"mn":"ADBE Vector Group","hd":false},{"ty":"gr","it":[{"ind":0,"ty":"sh","ix":1,"ks":{"a":0,"k":{"i":[[14.334,1.614],[0.677,-0.623],[3.022,-2.158],[0.674,-2.341],[1.487,-7.859],[-6.85,0.816],[-1.727,2.014],[1.727,2.014]],"o":[[-1.46,1.796],[-1.425,1.311],[-3.022,2.158],[-0.452,1.567],[8.787,0.777],[12.086,-1.439],[1.727,-2.015],[-1.386,-1.617]],"v":[[5.171,-33.479],[1.711,-29.443],[-37.341,3.702],[-41.559,11.691],[-47.128,32.614],[-19.931,33.055],[46.833,16.364],[40.502,-10.398]],"c":true},"ix":2},"nm":"Path 1","mn":"ADBE Vector Shape - Group","hd":false},{"ty":"fl","c":{"a":0,"k":[0.752941191196,0.843137264252,0.831372559071,1],"ix":4},"o":{"a":0,"k":100,"ix":5},"r":1,"bm":0,"nm":"Fill 1","mn":"ADBE Vector Graphic - Fill","hd":false},{"ty":"tr","p":{"a":0,"k":[397.149,898.057],"ix":2},"a":{"a":0,"k":[0,0],"ix":1},"s":{"a":0,"k":[100,100],"ix":3},"r":{"a":0,"k":0,"ix":6},"o":{"a":0,"k":100,"ix":7},"sk":{"a":0,"k":0,"ix":4},"sa":{"a":0,"k":0,"ix":5},"nm":"Transform"}],"nm":"Group 2","np":2,"cix":2,"bm":0,"ix":2,"mn":"ADBE Vector Group","hd":false},{"ty":"gr","it":[{"ind":0,"ty":"sh","ix":1,"ks":{"a":0,"k":{"i":[[12.85,-11.931],[4.317,-4.892],[-0.288,-1.151],[-12.086,1.439],[-1.727,2.014],[1.727,2.014]],"o":[[-14.854,13.792],[-4.317,4.892],[0.288,1.151],[12.086,-1.439],[1.727,-2.014],[-1.727,-2.014]],"v":[[1.882,-30.77],[-47.327,5.202],[-53.083,30.814],[-13.946,33.116],[52.818,16.425],[46.487,-10.338]],"c":true},"ix":2},"nm":"Path 1","mn":"ADBE Vector Shape - Group","hd":false},{"ty":"fl","c":{"a":0,"k":[0.858823537827,0.933333337307,0.929411768913,1],"ix":4},"o":{"a":0,"k":100,"ix":5},"r":1,"bm":0,"nm":"Fill 1","mn":"ADBE Vector Graphic - Fill","hd":false},{"ty":"tr","p":{"a":0,"k":[391.164,897.996],"ix":2},"a":{"a":0,"k":[0,0],"ix":1},"s":{"a":0,"k":[100,100],"ix":3},"r":{"a":0,"k":0,"ix":6},"o":{"a":0,"k":100,"ix":7},"sk":{"a":0,"k":0,"ix":4},"sa":{"a":0,"k":0,"ix":5},"nm":"Transform"}],"nm":"Group 3","np":2,"cix":2,"bm":0,"ix":3,"mn":"ADBE Vector Group","hd":false},{"ty":"gr","it":[{"ind":0,"ty":"sh","ix":1,"ks":{"a":0,"k":{"i":[[0,0],[-13.381,-4.604],[1.058,-11.882]],"o":[[-2.491,-14.089],[13.381,4.604],[-1.058,11.882]],"v":[[-26.248,-10.353],[-4.566,-21.564],[26.565,21.807]],"c":true},"ix":2},"nm":"Path 1","mn":"ADBE Vector Shape - Group","hd":false},{"ty":"fl","c":{"a":0,"k":[0.101960785687,0.101960785687,0.101960785687,1],"ix":4},"o":{"a":0,"k":100,"ix":5},"r":1,"bm":0,"nm":"Fill 1","mn":"ADBE Vector Graphic - Fill","hd":false},{"ty":"tr","p":{"a":0,"k":[415.885,880.588],"ix":2},"a":{"a":0,"k":[0,0],"ix":1},"s":{"a":0,"k":[100,100],"ix":3},"r":{"a":0,"k":0,"ix":6},"o":{"a":0,"k":100,"ix":7},"sk":{"a":0,"k":0,"ix":4},"sa":{"a":0,"k":0,"ix":5},"nm":"Transform"}],"nm":"Group 4","np":2,"cix":2,"bm":0,"ix":4,"mn":"ADBE Vector Group","hd":false},{"ty":"gr","it":[{"ind":0,"ty":"sh","ix":1,"ks":{"a":0,"k":{"i":[[0,0],[-6.907,23.406],[-4.988,-13.429],[0,-6.523]],"o":[[-3.07,-89.018],[6.907,-23.406],[4.988,13.429],[0,6.523]],"v":[[-18.034,83.237],[-18.034,-95.95],[21.104,-100.554],[6.139,111.247]],"c":true},"ix":2},"nm":"Path 1","mn":"ADBE Vector Shape - Group","hd":false},{"ty":"fl","c":{"a":0,"k":[0.858823537827,0.933333337307,0.929411768913,1],"ix":4},"o":{"a":0,"k":100,"ix":5},"r":1,"bm":0,"nm":"Fill 1","mn":"ADBE Vector Graphic - Fill","hd":false},{"ty":"tr","p":{"a":0,"k":[418.753,777.083],"ix":2},"a":{"a":0,"k":[0,0],"ix":1},"s":{"a":0,"k":[100,100],"ix":3},"r":{"a":0,"k":0,"ix":6},"o":{"a":0,"k":100,"ix":7},"sk":{"a":0,"k":0,"ix":4},"sa":{"a":0,"k":0,"ix":5},"nm":"Transform"}],"nm":"Group 5","np":2,"cix":2,"bm":0,"ix":5,"mn":"ADBE Vector Group","hd":false},{"ty":"gr","it":[{"ind":0,"ty":"sh","ix":1,"ks":{"a":0,"k":{"i":[[0,0],[-4.796,-3.475],[2.686,0],[2.494,3.07]],"o":[[12.95,7.482],[4.796,3.475],[-2.686,0],[-2.494,-3.069]],"v":[[-12.919,-11.127],[14.036,-4.05],[14.036,11.127],[-16.276,3.261]],"c":true},"ix":2},"nm":"Path 1","mn":"ADBE Vector Shape - Group","hd":false},{"ty":"fl","c":{"a":0,"k":[0.101960785687,0.101960785687,0.101960785687,1],"ix":4},"o":{"a":0,"k":100,"ix":5},"r":1,"bm":0,"nm":"Fill 1","mn":"ADBE Vector Graphic - Fill","hd":false},{"ty":"tr","p":{"a":0,"k":[445.965,711.637],"ix":2},"a":{"a":0,"k":[0,0],"ix":1},"s":{"a":0,"k":[100,100],"ix":3},"r":{"a":0,"k":0,"ix":6},"o":{"a":0,"k":100,"ix":7},"sk":{"a":0,"k":0,"ix":4},"sa":{"a":0,"k":0,"ix":5},"nm":"Transform"}],"nm":"Group 6","np":2,"cix":2,"bm":0,"ix":6,"mn":"ADBE Vector Group","hd":false},{"ty":"gr","it":[{"ind":0,"ty":"sh","ix":1,"ks":{"a":0,"k":{"i":[[0,0],[0,-1.439],[0,0],[0.191,8.611],[-5.172,25.612],[-1.727,26.187],[-2.59,11.799],[-4.317,36.259],[0,0]],"o":[[-0.576,27.338],[0,1.439],[0,0],[-0.191,-8.611],[5.172,-25.612],[1.727,-26.187],[2.59,-11.799],[4.317,-36.259],[0,0]],"v":[[-41.752,-128.422],[-37.435,-7.269],[-33.406,170.287],[-0.409,190.409],[2.573,122.517],[16.666,37.336],[16.666,-11.298],[41.135,-123.279],[27.314,-192.019]],"c":true},"ix":2},"nm":"Path 1","mn":"ADBE Vector Shape - Group","hd":false},{"ty":"fl","c":{"a":0,"k":[0.439215689898,0.572549045086,0.556862771511,1],"ix":4},"o":{"a":0,"k":100,"ix":5},"r":1,"bm":0,"nm":"Fill 1","mn":"ADBE Vector Graphic - Fill","hd":false},{"ty":"tr","p":{"a":0,"k":[441.704,707.587],"ix":2},"a":{"a":0,"k":[0,0],"ix":1},"s":{"a":0,"k":[100,100],"ix":3},"r":{"a":0,"k":0,"ix":6},"o":{"a":0,"k":100,"ix":7},"sk":{"a":0,"k":0,"ix":4},"sa":{"a":0,"k":0,"ix":5},"nm":"Transform"}],"nm":"Group 7","np":2,"cix":2,"bm":0,"ix":7,"mn":"ADBE Vector Group","hd":false}],"ip":0,"op":360,"st":0,"bm":0}],"markers":[]}
